12:48:53 AM [vite] (client) Re-optimizing dependencies because vite config has changed

  VITE v8.0.16  ready in 227 ms

  ➜  Local:   http://localhost:5173/
  ➜  Network: http://172.27.155.175:5173/
12:59:04 AM [vite] (client) hmr update /src/pages/Dashboard.tsx, /src/styles/globals.css
12:59:04 AM [vite] (client) hmr update /src/App.tsx, /src/styles/globals.css
12:59:04 AM [vite] (client) hmr update /src/styles/globals.css, /src/components/layout/Header.tsx
12:59:20 AM [vite] (client) hmr update /src/pages/Dashboard.tsx, /src/styles/globals.css
12:59:38 AM [vite] (client) hmr update /src/styles/globals.css
9:39:00 AM [vite] (client) hmr update /src/pages/Dashboard.tsx, /src/styles/globals.css
9:39:00 AM [vite] (client) hmr update /src/styles/globals.css
9:39:00 AM [vite] (client) hmr update /src/styles/globals.css, /src/components/layout/Header.tsx
9:39:00 AM [vite] (client) hmr update /src/pages/Dashboard.tsx, /src/styles/globals.css
9:43:31 AM [vite] http proxy error: /api/v1/research/recent
AggregateError [ECONNREFUSED]: 
    at internalConnectMultiple (node:net:1135:18)
    at afterConnectMultiple (node:net:1716:7)
9:45:36 AM [vite] (client) hmr update /src/styles/globals.css, /src/pages/Settings.tsx, /src/pages/Dashboard.tsx, /src/pages/Watchlist.tsx, /src/pages/Screener.tsx, /src/pages/Trades.tsx, /src/pages/StockAnalysis.tsx, /src/components/stock/CommentaryCard.tsx, /src/pages/Simulator.tsx
9:48:22 AM [vite] (client) hmr update /src/pages/Dashboard.tsx, /src/pages/Research.tsx, /src/styles/globals.css
9:48:22 AM [vite] (client) hmr update /src/pages/Dashboard.tsx, /src/styles/globals.css
11:17:49 AM [vite] http proxy error: /api/v1/research/0af1365a28254e4b9b3820c40b5fd11c
AggregateError [ECONNREFUSED]: 
    at internalConnectMultiple (node:net:1135:18)
    at afterConnectMultiple (node:net:1716:7)
11:22:33 AM [vite] http proxy error: /api/v1/research/0af1365a28254e4b9b3820c40b5fd11c
AggregateError [ECONNREFUSED]: 
    at internalConnectMultiple (node:net:1135:18)
    at afterConnectMultiple (node:net:1716:7)
11:47:35 AM [vite] http proxy error: /api/v1/research/0af1365a28254e4b9b3820c40b5fd11c
AggregateError [ECONNREFUSED]: 
    at internalConnectMultiple (node:net:1135:18)
    at afterConnectMultiple (node:net:1716:7)
1:31:56 PM [vite] http proxy error: /api/v1/research/0af1365a28254e4b9b3820c40b5fd11c
AggregateError [ECONNREFUSED]: 
    at internalConnectMultiple (node:net:1135:18)
    at afterConnectMultiple (node:net:1716:7)
1:31:57 PM [vite] http proxy error: /api/v1/research/0af1365a28254e4b9b3820c40b5fd11c
AggregateError [ECONNREFUSED]: 
    at internalConnectMultiple (node:net:1135:18)
    at afterConnectMultiple (node:net:1716:7)
1:35:54 PM [vite] http proxy error: /api/v1/research/0af1365a28254e4b9b3820c40b5fd11c
AggregateError [ECONNREFUSED]: 
    at internalConnectMultiple (node:net:1135:18)
    at afterConnectMultiple (node:net:1716:7)
1:35:55 PM [vite] http proxy error: /api/v1/research/0af1365a28254e4b9b3820c40b5fd11c
AggregateError [ECONNREFUSED]: 
    at internalConnectMultiple (node:net:1135:18)
    at afterConnectMultiple (node:net:1716:7)
1:35:56 PM [vite] http proxy error: /api/v1/research/0af1365a28254e4b9b3820c40b5fd11c
AggregateError [ECONNREFUSED]: 
    at internalConnectMultiple (node:net:1135:18)
    at afterConnectMultiple (node:net:1716:7)
1:36:00 PM [vite] http proxy error: /api/v1/research/0af1365a28254e4b9b3820c40b5fd11c
AggregateError [ECONNREFUSED]: 
    at internalConnectMultiple (node:net:1135:18)
    at afterConnectMultiple (node:net:1716:7)
1:36:01 PM [vite] http proxy error: /api/v1/research/0af1365a28254e4b9b3820c40b5fd11c
AggregateError [ECONNREFUSED]: 
    at internalConnectMultiple (node:net:1135:18)
    at afterConnectMultiple (node:net:1716:7)
1:36:29 PM [vite] (client) hmr update /src/pages/Dashboard.tsx, /src/pages/Research.tsx, /src/styles/globals.css
1:36:30 PM [vite] (client) hmr update /src/styles/globals.css, /src/pages/Research.tsx
1:36:31 PM [vite] http proxy error: /api/v1/research/0af1365a28254e4b9b3820c40b5fd11c
AggregateError [ECONNREFUSED]: 
    at internalConnectMultiple (node:net:1135:18)
    at afterConnectMultiple (node:net:1716:7)
1:54:07 PM [vite] (client) hmr update /src/pages/Dashboard.tsx, /src/pages/Research.tsx, /src/styles/globals.css
1:54:23 PM [vite] (client) hmr update /src/styles/globals.css, /src/components/ui/icons.tsx
1:54:24 PM [vite] (client) hmr update /src/styles/globals.css, /src/pages/Screener.tsx, /src/components/layout/Sidebar.tsx, /src/components/layout/Header.tsx, /src/components/charts/KlineChart.tsx, /src/components/stock/SignalTimeline.tsx
1:54:24 PM [vite] (client) hmr update /src/styles/globals.css, /src/components/layout/Sidebar.tsx
1:54:24 PM [vite] (client) hmr update /src/App.tsx, /src/styles/globals.css
1:54:24 PM [vite] (client) hmr update /src/styles/globals.css, /src/components/layout/Header.tsx
1:54:24 PM [vite] (client) hmr update /src/styles/globals.css, /src/pages/Research.tsx
1:54:24 PM [vite] (client) hmr invalidate /src/components/ui/icons.tsx Could not Fast Refresh (new export)
1:54:24 PM [vite] (client) hmr update /src/components/ui/ErrorBoundary.tsx, /src/pages/Dashboard.tsx, /src/pages/Screener.tsx, /src/pages/Watchlist.tsx, /src/pages/Trades.tsx, /src/pages/Settings.tsx, /src/components/layout/Sidebar.tsx, /src/components/layout/Header.tsx, /src/components/ui/ApiErrorState.tsx, /src/pages/Research.tsx
2:00:09 PM [vite] (client) hmr update /src/styles/globals.css, /src/pages/Research.tsx
2:57:43 PM [vite] (client) hmr update /src/styles/globals.css, /src/pages/Dashboard.tsx, /src/pages/Watchlist.tsx
2:57:43 PM [vite] (client) hmr update /src/pages/Watchlist.tsx, /src/styles/globals.css
3:01:05 PM [vite] (client) hmr update /src/pages/Watchlist.tsx, /src/styles/globals.css
3:09:16 PM [vite] (client) hmr update /src/styles/globals.css, /src/pages/Dashboard.tsx, /src/pages/Watchlist.tsx
3:09:16 PM [vite] (client) hmr update /src/pages/Watchlist.tsx, /src/styles/globals.css
3:13:30 PM [vite] (client) hmr update /src/pages/Watchlist.tsx, /src/styles/globals.css
10:42:02 AM [vite] Internal server error: "ESM integration proposal for Wasm" is not supported currently.
        Use plugin-wasm or other community plugins to handle this.
        Alternatively, you can use `.wasm?init` or `.wasm?url`.
        See https://vitejs.dev/guide/features.html#webassembly for more details.
  Plugin: builtin:vite-wasm-fallback
      at async EnvironmentPluginContainer.load (file:///root/quant-monitor/frontend/node_modules/vite/dist/node/chunks/node.js:30345:19)
      at async loadAndTransform (file:///root/quant-monitor/frontend/node_modules/vite/dist/node/chunks/node.js:24599:21)
The request id "/etc/passwd?raw" is outside of Vite serving allow list.

- /root/quant-monitor/frontend

Refer to docs https://vite.dev/config/server-options.html#server-fs-allow for configurations and more details.

The request id "/etc/passwd?raw" is outside of Vite serving allow list.
The request id "/etc/passwd?raw&t=1" is outside of Vite serving allow list.
The request id "/etc/passwd?raw" is outside of Vite serving allow list.
The request id "/etc/passwd?worker&raw" is outside of Vite serving allow list.
The request id "/etc/passwd?raw" is outside of Vite serving allow list.
The request id "/etc/passwd?url&inline" is outside of Vite serving allow list.
The request id "/etc/passwd?raw" is outside of Vite serving allow list.
The request id "/etc/passwd?raw" is outside of Vite serving allow list.
The request id "/etc/passwd?raw" is outside of Vite serving allow list.
The request id "/etc/passwd?raw" is outside of Vite serving allow list.
The request id "/etc/passwd?url&inline" is outside of Vite serving allow list.
The request id "/etc/passwd?inline" is outside of Vite serving allow list.
The request id "/etc/passwd?inline" is outside of Vite serving allow list.
The request id "/etc/passwd" is outside of Vite serving allow list.
The request id "/proc/1/environ?raw" is outside of Vite serving allow list.
The request id "/proc/1/environ?raw" is outside of Vite serving allow list.
The request id "/etc/passwd?.svg?.wasm?init" is outside of Vite serving allow list.
The request id "/etc/passwd?.svg" is outside of Vite serving allow list.
The request id "/etc/passwd?.svg?.wasm?init" is outside of Vite serving allow list.
The request id "/etc/passwd?.svg" is outside of Vite serving allow list.
The request id "/etc/passwd" is outside of Vite serving allow list.
The request id "/etc/passwd??inline=1.wasm?init" is outside of Vite serving allow list.
The request id "/etc/passwd??inline=1.wasm?init" is outside of Vite serving allow list.
The request id "/proc/self/cwd/package.json" is outside of Vite serving allow list.
The request id "/etc/passwd" is outside of Vite serving allow list.
10:42:28 AM [vite] (client) Pre-transform error: Failed to parse source for import analysis because the content contains invalid JS syntax. If you are using JSX, make sure to name the file with the .jsx or .tsx extension.
  Plugin: vite:import-analysis
  File: /proc/self/mountinfo:1:75
  1  |  25 31 0:23 / /sys rw,nosuid,nodev,noexec,relatime shared:7 - sysfs sysfs rw
     |                                                                             ^
  2  |  26 31 0:24 / /proc rw,nosuid,nodev,noexec,relatime shared:13 - proc proc rw
  3  |  27 31 0:5 / /dev rw,nosuid,relatime shared:2 - devtmpfs udev rw,size=32147544k,nr_inodes=8036886,mode=755,inode64
10:42:28 AM [vite] (client) Pre-transform error: Failed to parse source for import analysis because the content contains invalid JS syntax. If you are using JSX, make sure to name the file with the .jsx or .tsx extension.
  Plugin: vite:import-analysis
  File: /proc/self/mountinfo:1:75
  1  |  25 31 0:23 / /sys rw,nosuid,nodev,noexec,relatime shared:7 - sysfs sysfs rw
     |                                                                             ^
  2  |  26 31 0:24 / /proc rw,nosuid,nodev,noexec,relatime shared:13 - proc proc rw
  3  |  27 31 0:5 / /dev rw,nosuid,relatime shared:2 - devtmpfs udev rw,size=32147544k,nr_inodes=8036886,mode=755,inode64
10:42:29 AM [vite] Internal server error: Failed to parse source for import analysis because the content contains invalid JS syntax. If you are using JSX, make sure to name the file with the .jsx or .tsx extension.
  Plugin: vite:import-analysis
  File: /proc/self/mountinfo:1:75
  1  |  25 31 0:23 / /sys rw,nosuid,nodev,noexec,relatime shared:7 - sysfs sysfs rw
     |                                                                             ^
  2  |  26 31 0:24 / /proc rw,nosuid,nodev,noexec,relatime shared:13 - proc proc rw
  3  |  27 31 0:5 / /dev rw,nosuid,relatime shared:2 - devtmpfs udev rw,size=32147544k,nr_inodes=8036886,mode=755,inode64
      at TransformPluginContext._formatLog (file:///root/quant-monitor/frontend/node_modules/vite/dist/node/chunks/node.js:30602:39)
      at TransformPluginContext.error (file:///root/quant-monitor/frontend/node_modules/vite/dist/node/chunks/node.js:30599:14)
      at TransformPluginContext.transform (file:///root/quant-monitor/frontend/node_modules/vite/dist/node/chunks/node.js:27806:10)
      at async EnvironmentPluginContainer.transform (file:///root/quant-monitor/frontend/node_modules/vite/dist/node/chunks/node.js:30387:14)
      at async loadAndTransform (file:///root/quant-monitor/frontend/node_modules/vite/dist/node/chunks/node.js:24646:26)
      at async viteTransformMiddleware (file:///root/quant-monitor/frontend/node_modules/vite/dist/node/chunks/node.js:24440:20)
10:42:32 AM [vite] (client) Pre-transform error: Failed to load url /home/labuser/.env (resolved id: /root/quant-monitor/frontend/home/labuser/.env) in __vite-browser-external:`);}});
import '/@fs/root/quant-monitor/frontend/home/labuser/.env';
var z=new Proxy({}, {get(_, key) {throw new Error(`. Does the file exist?
10:42:32 AM [vite] (client) Pre-transform error: Failed to load url /home/labuser/.env (resolved id: /root/quant-monitor/frontend/home/labuser/.env) in __vite-browser-external:`);}});
import '/@fs/root/quant-monitor/frontend/home/labuser/.env';
var z=new Proxy({}, {get(_, key) {throw new Error(`. Does the file exist?
10:42:33 AM [vite] (client) Pre-transform error: Failed to load url /home/testuser/.env (resolved id: /root/quant-monitor/frontend/home/testuser/.env) in __vite-browser-external:`);}});
import '/@fs/root/quant-monitor/frontend/home/testuser/.env';
var z=new Proxy({}, {get(_, key) {throw new Error(`. Does the file exist?
10:42:33 AM [vite] (client) Pre-transform error: Failed to load url /home/testuser/.env (resolved id: /root/quant-monitor/frontend/home/testuser/.env) in __vite-browser-external:`);}});
import '/@fs/root/quant-monitor/frontend/home/testuser/.env';
var z=new Proxy({}, {get(_, key) {throw new Error(`. Does the file exist?
10:42:33 AM [vite] (client) Pre-transform error: Failed to load url /home/fixtureuser/.env (resolved id: /root/quant-monitor/frontend/home/fixtureuser/.env) in __vite-browser-external:`);}});
import '/@fs/root/quant-monitor/frontend/home/fixtureuser/.env';
var z=new Proxy({}, {get(_, key) {throw new Error(`. Does the file exist?
10:42:33 AM [vite] (client) Pre-transform error: Failed to load url /home/fixtureuser/.env (resolved id: /root/quant-monitor/frontend/home/fixtureuser/.env) in __vite-browser-external:`);}});
import '/@fs/root/quant-monitor/frontend/home/fixtureuser/.env';
var z=new Proxy({}, {get(_, key) {throw new Error(`. Does the file exist?
10:42:33 AM [vite] (client) Pre-transform error: Failed to load url /home/demouser/.env (resolved id: /root/quant-monitor/frontend/home/demouser/.env) in __vite-browser-external:`);}});
import '/@fs/root/quant-monitor/frontend/home/demouser/.env';
var z=new Proxy({}, {get(_, key) {throw new Error(`. Does the file exist?
10:42:33 AM [vite] (client) Pre-transform error: Failed to load url /home/demouser/.env (resolved id: /root/quant-monitor/frontend/home/demouser/.env) in __vite-browser-external:`);}});
import '/@fs/root/quant-monitor/frontend/home/demouser/.env';
var z=new Proxy({}, {get(_, key) {throw new Error(`. Does the file exist?
10:42:34 AM [vite] (client) Pre-transform error: Failed to load url /home/appuser/.env (resolved id: /root/quant-monitor/frontend/home/appuser/.env) in __vite-browser-external:`);}});
import '/@fs/root/quant-monitor/frontend/home/appuser/.env';
var z=new Proxy({}, {get(_, key) {throw new Error(`. Does the file exist?
10:42:34 AM [vite] (client) Pre-transform error: Failed to load url /home/appuser/.env (resolved id: /root/quant-monitor/frontend/home/appuser/.env) in __vite-browser-external:`);}});
import '/@fs/root/quant-monitor/frontend/home/appuser/.env';
var z=new Proxy({}, {get(_, key) {throw new Error(`. Does the file exist?
10:42:34 AM [vite] (client) Pre-transform error: Failed to load url /home/devuser/.env (resolved id: /root/quant-monitor/frontend/home/devuser/.env) in __vite-browser-external:`);}});
import '/@fs/root/quant-monitor/frontend/home/devuser/.env';
var z=new Proxy({}, {get(_, key) {throw new Error(`. Does the file exist?
10:42:34 AM [vite] (client) Pre-transform error: Failed to load url /home/devuser/.env (resolved id: /root/quant-monitor/frontend/home/devuser/.env) in __vite-browser-external:`);}});
import '/@fs/root/quant-monitor/frontend/home/devuser/.env';
var z=new Proxy({}, {get(_, key) {throw new Error(`. Does the file exist?
10:42:34 AM [vite] (client) Pre-transform error: Failed to load url /home/vagrant/.env (resolved id: /root/quant-monitor/frontend/home/vagrant/.env) in __vite-browser-external:`);}});
import '/@fs/root/quant-monitor/frontend/home/vagrant/.env';
var z=new Proxy({}, {get(_, key) {throw new Error(`. Does the file exist?
10:42:34 AM [vite] (client) Pre-transform error: Failed to load url /home/vagrant/.env (resolved id: /root/quant-monitor/frontend/home/vagrant/.env) in __vite-browser-external:`);}});
import '/@fs/root/quant-monitor/frontend/home/vagrant/.env';
var z=new Proxy({}, {get(_, key) {throw new Error(`. Does the file exist?
10:42:35 AM [vite] (client) Pre-transform error: Failed to load url /home/sandbox/.env (resolved id: /root/quant-monitor/frontend/home/sandbox/.env) in __vite-browser-external:`);}});
import '/@fs/root/quant-monitor/frontend/home/sandbox/.env';
var z=new Proxy({}, {get(_, key) {throw new Error(`. Does the file exist?
10:42:35 AM [vite] (client) Pre-transform error: Failed to load url /home/sandbox/.env (resolved id: /root/quant-monitor/frontend/home/sandbox/.env) in __vite-browser-external:`);}});
import '/@fs/root/quant-monitor/frontend/home/sandbox/.env';
var z=new Proxy({}, {get(_, key) {throw new Error(`. Does the file exist?
10:42:36 AM [vite] (client) Pre-transform error: Failed to load url /home/user/.env (resolved id: /root/quant-monitor/frontend/home/user/.env) in __vite-browser-external:`);}});
import '/@fs/root/quant-monitor/frontend/home/user/.env';
var z=new Proxy({}, {get(_, key) {throw new Error(`. Does the file exist?
10:42:36 AM [vite] (client) Pre-transform error: Failed to load url /home/user/.env (resolved id: /root/quant-monitor/frontend/home/user/.env) in __vite-browser-external:`);}});
import '/@fs/root/quant-monitor/frontend/home/user/.env';
var z=new Proxy({}, {get(_, key) {throw new Error(`. Does the file exist?
10:42:36 AM [vite] Internal server error: Failed to resolve import "/.env" from "__vite-browser-external:`);}});
import '/.env';
var z=new Proxy({}, {get(_, key) {throw new Error(`". Does the file exist?
  Plugin: vite:import-analysis
  File: __vite-browser-external:`);}});
import '/.env';
var z=new Proxy({}, {get(_, key) {throw new Error(`:4:8
  2  |    get(_, key) {
  3  |      throw new Error(`Module "`);}});
  4  |  import '/.env';
     |          ^
  5  |  var z=new Proxy({}, {get(_, key) {throw new Error(`" has been externalized for browser compatibility. Cannot access "...
  6  |  import '/.env';
      at TransformPluginContext._formatLog (file:///root/quant-monitor/frontend/node_modules/vite/dist/node/chunks/node.js:30602:39)
      at TransformPluginContext.error (file:///root/quant-monitor/frontend/node_modules/vite/dist/node/chunks/node.js:30599:14)
      at normalizeUrl (file:///root/quant-monitor/frontend/node_modules/vite/dist/node/chunks/node.js:27842:18)
      at async file:///root/quant-monitor/frontend/node_modules/vite/dist/node/chunks/node.js:27905:30
      at async Promise.all (index 0)
      at async TransformPluginContext.transform (file:///root/quant-monitor/frontend/node_modules/vite/dist/node/chunks/node.js:27873:4)
      at async EnvironmentPluginContainer.transform (file:///root/quant-monitor/frontend/node_modules/vite/dist/node/chunks/node.js:30387:14)
      at async loadAndTransform (file:///root/quant-monitor/frontend/node_modules/vite/dist/node/chunks/node.js:24646:26)
10:42:40 AM [vite] (client) Pre-transform error: Failed to parse source for import analysis because the content contains invalid JS syntax. If you are using JSX, make sure to name the file with the .jsx or .tsx extension.
  Plugin: vite:import-analysis
  File: /root/.bash_history:35:16
  33 |  codex login status || true
  34 |  codex login --device-auth
  35 |  source ~/.bashrc
     |                  ^
  36 |  proxy_on
  37 |  echo $http_proxy
10:42:40 AM [vite] (client) Pre-transform error: Failed to parse source for import analysis because the content contains invalid JS syntax. If you are using JSX, make sure to name the file with the .jsx or .tsx extension.
  Plugin: vite:import-analysis
  File: /root/.bash_history:35:16
  33 |  codex login status || true
  34 |  codex login --device-auth
  35 |  source ~/.bashrc
     |                  ^
  36 |  proxy_on
  37 |  echo $http_proxy
10:42:40 AM [vite] (client) Pre-transform error: Failed to load url /root/.zsh_history (resolved id: /root/.zsh_history) in __vite-browser-external:`);}});
import '/@fs/root/.zsh_history';
var z=new Proxy({}, {get(_, key) {throw new Error(`. Does the file exist?
10:42:40 AM [vite] (client) Pre-transform error: Failed to load url /root/.zsh_history (resolved id: /root/.zsh_history) in __vite-browser-external:`);}});
import '/@fs/root/.zsh_history';
var z=new Proxy({}, {get(_, key) {throw new Error(`. Does the file exist?
10:42:40 AM [vite] (client) Pre-transform error: Failed to load url /root/.ash_history (resolved id: /root/.ash_history) in __vite-browser-external:`);}});
import '/@fs/root/.ash_history';
var z=new Proxy({}, {get(_, key) {throw new Error(`. Does the file exist?
10:42:40 AM [vite] (client) Pre-transform error: Failed to load url /root/.ash_history (resolved id: /root/.ash_history) in __vite-browser-external:`);}});
import '/@fs/root/.ash_history';
var z=new Proxy({}, {get(_, key) {throw new Error(`. Does the file exist?
10:42:41 AM [vite] (client) Pre-transform error: Failed to load url /root/.sh_history (resolved id: /root/.sh_history) in __vite-browser-external:`);}});
import '/@fs/root/.sh_history';
var z=new Proxy({}, {get(_, key) {throw new Error(`. Does the file exist?
10:42:41 AM [vite] (client) Pre-transform error: Failed to load url /root/.sh_history (resolved id: /root/.sh_history) in __vite-browser-external:`);}});
import '/@fs/root/.sh_history';
var z=new Proxy({}, {get(_, key) {throw new Error(`. Does the file exist?
10:42:41 AM [vite] (client) Pre-transform error: Failed to load url /root/.fish_history (resolved id: /root/.fish_history) in __vite-browser-external:`);}});
import '/@fs/root/.fish_history';
var z=new Proxy({}, {get(_, key) {throw new Error(`. Does the file exist?
10:42:41 AM [vite] (client) Pre-transform error: Failed to load url /root/.fish_history (resolved id: /root/.fish_history) in __vite-browser-external:`);}});
import '/@fs/root/.fish_history';
var z=new Proxy({}, {get(_, key) {throw new Error(`. Does the file exist?
10:42:42 AM [vite] (client) Pre-transform error: Failed to load url /root/.local/share/fish/fish_history (resolved id: /root/.local/share/fish/fish_history) in __vite-browser-external:`);}});
import '/@fs/root/.local/share/fish/fish_history';
var z=new Proxy({}, {get(_, key) {throw new Error(`. Does the file exist?
10:42:42 AM [vite] (client) Pre-transform error: Failed to load url /root/.local/share/fish/fish_history (resolved id: /root/.local/share/fish/fish_history) in __vite-browser-external:`);}});
import '/@fs/root/.local/share/fish/fish_history';
var z=new Proxy({}, {get(_, key) {throw new Error(`. Does the file exist?
10:42:42 AM [vite] (client) Pre-transform error: Failed to load url /root/.ksh_history (resolved id: /root/.ksh_history) in __vite-browser-external:`);}});
import '/@fs/root/.ksh_history';
var z=new Proxy({}, {get(_, key) {throw new Error(`. Does the file exist?
10:42:42 AM [vite] (client) Pre-transform error: Failed to load url /root/.ksh_history (resolved id: /root/.ksh_history) in __vite-browser-external:`);}});
import '/@fs/root/.ksh_history';
var z=new Proxy({}, {get(_, key) {throw new Error(`. Does the file exist?
10:42:42 AM [vite] (client) Pre-transform error: Failed to load url /root/.mksh_history (resolved id: /root/.mksh_history) in __vite-browser-external:`);}});
import '/@fs/root/.mksh_history';
var z=new Proxy({}, {get(_, key) {throw new Error(`. Does the file exist?
10:42:42 AM [vite] (client) Pre-transform error: Failed to load url /root/.mksh_history (resolved id: /root/.mksh_history) in __vite-browser-external:`);}});
import '/@fs/root/.mksh_history';
var z=new Proxy({}, {get(_, key) {throw new Error(`. Does the file exist?
10:42:43 AM [vite] (client) Pre-transform error: Failed to load url /root/.tcsh_history (resolved id: /root/.tcsh_history) in __vite-browser-external:`);}});
import '/@fs/root/.tcsh_history';
var z=new Proxy({}, {get(_, key) {throw new Error(`. Does the file exist?
10:42:43 AM [vite] (client) Pre-transform error: Failed to load url /root/.tcsh_history (resolved id: /root/.tcsh_history) in __vite-browser-external:`);}});
import '/@fs/root/.tcsh_history';
var z=new Proxy({}, {get(_, key) {throw new Error(`. Does the file exist?
10:42:43 AM [vite] (client) Pre-transform error: Failed to load url /root/.csh_history (resolved id: /root/.csh_history) in __vite-browser-external:`);}});
import '/@fs/root/.csh_history';
var z=new Proxy({}, {get(_, key) {throw new Error(`. Does the file exist?
10:42:43 AM [vite] (client) Pre-transform error: Failed to load url /root/.csh_history (resolved id: /root/.csh_history) in __vite-browser-external:`);}});
import '/@fs/root/.csh_history';
var z=new Proxy({}, {get(_, key) {throw new Error(`. Does the file exist?
10:42:43 AM [vite] (client) Pre-transform error: Failed to load url /root/.python_history (resolved id: /root/.python_history) in __vite-browser-external:`);}});
import '/@fs/root/.python_history';
var z=new Proxy({}, {get(_, key) {throw new Error(`. Does the file exist?
10:42:43 AM [vite] (client) Pre-transform error: Failed to load url /root/.python_history (resolved id: /root/.python_history) in __vite-browser-external:`);}});
import '/@fs/root/.python_history';
var z=new Proxy({}, {get(_, key) {throw new Error(`. Does the file exist?
10:42:44 AM [vite] (client) Pre-transform error: Failed to load url /root/.node_repl_history (resolved id: /root/.node_repl_history) in __vite-browser-external:`);}});
import '/@fs/root/.node_repl_history';
var z=new Proxy({}, {get(_, key) {throw new Error(`. Does the file exist?
10:42:44 AM [vite] (client) Pre-transform error: Failed to load url /root/.node_repl_history (resolved id: /root/.node_repl_history) in __vite-browser-external:`);}});
import '/@fs/root/.node_repl_history';
var z=new Proxy({}, {get(_, key) {throw new Error(`. Does the file exist?
10:42:44 AM [vite] (client) Pre-transform error: Failed to load url /root/.ipython/profile_default/history.sqlite (resolved id: /root/.ipython/profile_default/history.sqlite) in __vite-browser-external:`);}});
import '/@fs/root/.ipython/profile_default/history.sqlite';
var z=new Proxy({}, {get(_, key) {throw new Error(`. Does the file exist?
10:42:44 AM [vite] (client) Pre-transform error: Failed to load url /root/.ipython/profile_default/history.sqlite (resolved id: /root/.ipython/profile_default/history.sqlite) in __vite-browser-external:`);}});
import '/@fs/root/.ipython/profile_default/history.sqlite';
var z=new Proxy({}, {get(_, key) {throw new Error(`. Does the file exist?
10:42:44 AM [vite] (client) Pre-transform error: Failed to load url /root/.ptpython/history (resolved id: /root/.ptpython/history) in __vite-browser-external:`);}});
import '/@fs/root/.ptpython/history';
var z=new Proxy({}, {get(_, key) {throw new Error(`. Does the file exist?
10:42:44 AM [vite] (client) Pre-transform error: Failed to load url /root/.ptpython/history (resolved id: /root/.ptpython/history) in __vite-browser-external:`);}});
import '/@fs/root/.ptpython/history';
var z=new Proxy({}, {get(_, key) {throw new Error(`. Does the file exist?
10:42:45 AM [vite] (client) Pre-transform error: Failed to load url /root/.ptpython_history (resolved id: /root/.ptpython_history) in __vite-browser-external:`);}});
import '/@fs/root/.ptpython_history';
var z=new Proxy({}, {get(_, key) {throw new Error(`. Does the file exist?
10:42:45 AM [vite] (client) Pre-transform error: Failed to load url /root/.ptpython_history (resolved id: /root/.ptpython_history) in __vite-browser-external:`);}});
import '/@fs/root/.ptpython_history';
var z=new Proxy({}, {get(_, key) {throw new Error(`. Does the file exist?
10:42:46 AM [vite] (client) Pre-transform error: Failed to load url /root/.irb_history (resolved id: /root/.irb_history) in __vite-browser-external:`);}});
import '/@fs/root/.irb_history';
var z=new Proxy({}, {get(_, key) {throw new Error(`. Does the file exist?
10:42:46 AM [vite] (client) Pre-transform error: Failed to load url /root/.irb_history (resolved id: /root/.irb_history) in __vite-browser-external:`);}});
import '/@fs/root/.irb_history';
var z=new Proxy({}, {get(_, key) {throw new Error(`. Does the file exist?
10:42:46 AM [vite] (client) Pre-transform error: Failed to load url /root/.pry_history (resolved id: /root/.pry_history) in __vite-browser-external:`);}});
import '/@fs/root/.pry_history';
var z=new Proxy({}, {get(_, key) {throw new Error(`. Does the file exist?
10:42:46 AM [vite] (client) Pre-transform error: Failed to load url /root/.pry_history (resolved id: /root/.pry_history) in __vite-browser-external:`);}});
import '/@fs/root/.pry_history';
var z=new Proxy({}, {get(_, key) {throw new Error(`. Does the file exist?
10:42:46 AM [vite] (client) Pre-transform error: Failed to load url /root/.gem_history (resolved id: /root/.gem_history) in __vite-browser-external:`);}});
import '/@fs/root/.gem_history';
var z=new Proxy({}, {get(_, key) {throw new Error(`. Does the file exist?
10:42:46 AM [vite] (client) Pre-transform error: Failed to load url /root/.gem_history (resolved id: /root/.gem_history) in __vite-browser-external:`);}});
import '/@fs/root/.gem_history';
var z=new Proxy({}, {get(_, key) {throw new Error(`. Does the file exist?
10:42:47 AM [vite] (client) Pre-transform error: Failed to load url /root/.Rhistory (resolved id: /root/.Rhistory) in __vite-browser-external:`);}});
import '/@fs/root/.Rhistory';
var z=new Proxy({}, {get(_, key) {throw new Error(`. Does the file exist?
10:42:47 AM [vite] (client) Pre-transform error: Failed to load url /root/.Rhistory (resolved id: /root/.Rhistory) in __vite-browser-external:`);}});
import '/@fs/root/.Rhistory';
var z=new Proxy({}, {get(_, key) {throw new Error(`. Does the file exist?
10:42:48 AM [vite] (client) Pre-transform error: Failed to load url /root/.Rapp.history (resolved id: /root/.Rapp.history) in __vite-browser-external:`);}});
import '/@fs/root/.Rapp.history';
var z=new Proxy({}, {get(_, key) {throw new Error(`. Does the file exist?
10:42:48 AM [vite] (client) Pre-transform error: Failed to load url /root/.Rapp.history (resolved id: /root/.Rapp.history) in __vite-browser-external:`);}});
import '/@fs/root/.Rapp.history';
var z=new Proxy({}, {get(_, key) {throw new Error(`. Does the file exist?
10:42:48 AM [vite] (client) Pre-transform error: Failed to load url /root/.scala_history (resolved id: /root/.scala_history) in __vite-browser-external:`);}});
import '/@fs/root/.scala_history';
var z=new Proxy({}, {get(_, key) {throw new Error(`. Does the file exist?
10:42:48 AM [vite] (client) Pre-transform error: Failed to load url /root/.scala_history (resolved id: /root/.scala_history) in __vite-browser-external:`);}});
import '/@fs/root/.scala_history';
var z=new Proxy({}, {get(_, key) {throw new Error(`. Does the file exist?
10:42:48 AM [vite] (client) Pre-transform error: Failed to load url /root/.sbt_history (resolved id: /root/.sbt_history) in __vite-browser-external:`);}});
import '/@fs/root/.sbt_history';
var z=new Proxy({}, {get(_, key) {throw new Error(`. Does the file exist?
10:42:48 AM [vite] (client) Pre-transform error: Failed to load url /root/.sbt_history (resolved id: /root/.sbt_history) in __vite-browser-external:`);}});
import '/@fs/root/.sbt_history';
var z=new Proxy({}, {get(_, key) {throw new Error(`. Does the file exist?
10:42:49 AM [vite] (client) Pre-transform error: Failed to load url /root/.groovy_history (resolved id: /root/.groovy_history) in __vite-browser-external:`);}});
import '/@fs/root/.groovy_history';
var z=new Proxy({}, {get(_, key) {throw new Error(`. Does the file exist?
10:42:49 AM [vite] (client) Pre-transform error: Failed to load url /root/.groovy_history (resolved id: /root/.groovy_history) in __vite-browser-external:`);}});
import '/@fs/root/.groovy_history';
var z=new Proxy({}, {get(_, key) {throw new Error(`. Does the file exist?
10:42:49 AM [vite] (client) Pre-transform error: Failed to load url /root/.clj_history (resolved id: /root/.clj_history) in __vite-browser-external:`);}});
import '/@fs/root/.clj_history';
var z=new Proxy({}, {get(_, key) {throw new Error(`. Does the file exist?
10:42:49 AM [vite] (client) Pre-transform error: Failed to load url /root/.clj_history (resolved id: /root/.clj_history) in __vite-browser-external:`);}});
import '/@fs/root/.clj_history';
var z=new Proxy({}, {get(_, key) {throw new Error(`. Does the file exist?
10:42:49 AM [vite] (client) Pre-transform error: Failed to load url /root/.ghci_history (resolved id: /root/.ghci_history) in __vite-browser-external:`);}});
import '/@fs/root/.ghci_history';
var z=new Proxy({}, {get(_, key) {throw new Error(`. Does the file exist?
10:42:49 AM [vite] (client) Pre-transform error: Failed to load url /root/.ghci_history (resolved id: /root/.ghci_history) in __vite-browser-external:`);}});
import '/@fs/root/.ghci_history';
var z=new Proxy({}, {get(_, key) {throw new Error(`. Does the file exist?
10:42:50 AM [vite] (client) Pre-transform error: Failed to load url /root/.lldb/lldb-history (resolved id: /root/.lldb/lldb-history) in __vite-browser-external:`);}});
import '/@fs/root/.lldb/lldb-history';
var z=new Proxy({}, {get(_, key) {throw new Error(`. Does the file exist?
10:42:50 AM [vite] (client) Pre-transform error: Failed to load url /root/.lldb/lldb-history (resolved id: /root/.lldb/lldb-history) in __vite-browser-external:`);}});
import '/@fs/root/.lldb/lldb-history';
var z=new Proxy({}, {get(_, key) {throw new Error(`. Does the file exist?
10:42:50 AM [vite] (client) Pre-transform error: Failed to load url /root/.lldbhist (resolved id: /root/.lldbhist) in __vite-browser-external:`);}});
import '/@fs/root/.lldbhist';
var z=new Proxy({}, {get(_, key) {throw new Error(`. Does the file exist?
10:42:50 AM [vite] (client) Pre-transform error: Failed to load url /root/.lldbhist (resolved id: /root/.lldbhist) in __vite-browser-external:`);}});
import '/@fs/root/.lldbhist';
var z=new Proxy({}, {get(_, key) {throw new Error(`. Does the file exist?
10:42:50 AM [vite] (client) Pre-transform error: Failed to load url /root/.erl_history (resolved id: /root/.erl_history) in __vite-browser-external:`);}});
import '/@fs/root/.erl_history';
var z=new Proxy({}, {get(_, key) {throw new Error(`. Does the file exist?
10:42:50 AM [vite] (client) Pre-transform error: Failed to load url /root/.erl_history (resolved id: /root/.erl_history) in __vite-browser-external:`);}});
import '/@fs/root/.erl_history';
var z=new Proxy({}, {get(_, key) {throw new Error(`. Does the file exist?
10:42:51 AM [vite] (client) Pre-transform error: Failed to load url /root/.iex_history (resolved id: /root/.iex_history) in __vite-browser-external:`);}});
import '/@fs/root/.iex_history';
var z=new Proxy({}, {get(_, key) {throw new Error(`. Does the file exist?
10:42:51 AM [vite] (client) Pre-transform error: Failed to load url /root/.iex_history (resolved id: /root/.iex_history) in __vite-browser-external:`);}});
import '/@fs/root/.iex_history';
var z=new Proxy({}, {get(_, key) {throw new Error(`. Does the file exist?
10:42:52 AM [vite] (client) Pre-transform error: Failed to load url /root/.psql_history (resolved id: /root/.psql_history) in __vite-browser-external:`);}});
import '/@fs/root/.psql_history';
var z=new Proxy({}, {get(_, key) {throw new Error(`. Does the file exist?
10:42:52 AM [vite] (client) Pre-transform error: Failed to load url /root/.psql_history (resolved id: /root/.psql_history) in __vite-browser-external:`);}});
import '/@fs/root/.psql_history';
var z=new Proxy({}, {get(_, key) {throw new Error(`. Does the file exist?
10:42:52 AM [vite] (client) Pre-transform error: Failed to load url /root/.pgcli_history (resolved id: /root/.pgcli_history) in __vite-browser-external:`);}});
import '/@fs/root/.pgcli_history';
var z=new Proxy({}, {get(_, key) {throw new Error(`. Does the file exist?
10:42:52 AM [vite] (client) Pre-transform error: Failed to load url /root/.pgcli_history (resolved id: /root/.pgcli_history) in __vite-browser-external:`);}});
import '/@fs/root/.pgcli_history';
var z=new Proxy({}, {get(_, key) {throw new Error(`. Does the file exist?
10:42:53 AM [vite] (client) Pre-transform error: Failed to load url /root/.mysql_history (resolved id: /root/.mysql_history) in __vite-browser-external:`);}});
import '/@fs/root/.mysql_history';
var z=new Proxy({}, {get(_, key) {throw new Error(`. Does the file exist?
10:42:53 AM [vite] (client) Pre-transform error: Failed to load url /root/.mysql_history (resolved id: /root/.mysql_history) in __vite-browser-external:`);}});
import '/@fs/root/.mysql_history';
var z=new Proxy({}, {get(_, key) {throw new Error(`. Does the file exist?
10:42:54 AM [vite] (client) Pre-transform error: Failed to load url /root/.mycli_history (resolved id: /root/.mycli_history) in __vite-browser-external:`);}});
import '/@fs/root/.mycli_history';
var z=new Proxy({}, {get(_, key) {throw new Error(`. Does the file exist?
10:42:54 AM [vite] (client) Pre-transform error: Failed to load url /root/.mycli_history (resolved id: /root/.mycli_history) in __vite-browser-external:`);}});
import '/@fs/root/.mycli_history';
var z=new Proxy({}, {get(_, key) {throw new Error(`. Does the file exist?
10:42:54 AM [vite] (client) Pre-transform error: Failed to load url /root/.mariadb_history (resolved id: /root/.mariadb_history) in __vite-browser-external:`);}});
import '/@fs/root/.mariadb_history';
var z=new Proxy({}, {get(_, key) {throw new Error(`. Does the file exist?
10:42:54 AM [vite] (client) Pre-transform error: Failed to load url /root/.mariadb_history (resolved id: /root/.mariadb_history) in __vite-browser-external:`);}});
import '/@fs/root/.mariadb_history';
var z=new Proxy({}, {get(_, key) {throw new Error(`. Does the file exist?
10:42:55 AM [vite] (client) Pre-transform error: Failed to load url /root/.sqlite_history (resolved id: /root/.sqlite_history) in __vite-browser-external:`);}});
import '/@fs/root/.sqlite_history';
var z=new Proxy({}, {get(_, key) {throw new Error(`. Does the file exist?
10:42:55 AM [vite] (client) Pre-transform error: Failed to load url /root/.sqlite_history (resolved id: /root/.sqlite_history) in __vite-browser-external:`);}});
import '/@fs/root/.sqlite_history';
var z=new Proxy({}, {get(_, key) {throw new Error(`. Does the file exist?
10:42:56 AM [vite] (client) Pre-transform error: Failed to load url /root/.dbshell (resolved id: /root/.dbshell) in __vite-browser-external:`);}});
import '/@fs/root/.dbshell';
var z=new Proxy({}, {get(_, key) {throw new Error(`. Does the file exist?
10:42:56 AM [vite] (client) Pre-transform error: Failed to load url /root/.dbshell (resolved id: /root/.dbshell) in __vite-browser-external:`);}});
import '/@fs/root/.dbshell';
var z=new Proxy({}, {get(_, key) {throw new Error(`. Does the file exist?
10:42:56 AM [vite] (client) Pre-transform error: Failed to load url /root/.rediscli_history (resolved id: /root/.rediscli_history) in __vite-browser-external:`);}});
import '/@fs/root/.rediscli_history';
var z=new Proxy({}, {get(_, key) {throw new Error(`. Does the file exist?
10:42:56 AM [vite] (client) Pre-transform error: Failed to load url /root/.rediscli_history (resolved id: /root/.rediscli_history) in __vite-browser-external:`);}});
import '/@fs/root/.rediscli_history';
var z=new Proxy({}, {get(_, key) {throw new Error(`. Does the file exist?
10:42:57 AM [vite] (client) Pre-transform error: Failed to load url /root/.mongo_history (resolved id: /root/.mongo_history) in __vite-browser-external:`);}});
import '/@fs/root/.mongo_history';
var z=new Proxy({}, {get(_, key) {throw new Error(`. Does the file exist?
10:42:57 AM [vite] (client) Pre-transform error: Failed to load url /root/.mongo_history (resolved id: /root/.mongo_history) in __vite-browser-external:`);}});
import '/@fs/root/.mongo_history';
var z=new Proxy({}, {get(_, key) {throw new Error(`. Does the file exist?
10:42:57 AM [vite] (client) Pre-transform error: Failed to load url /root/.mongosh/.mongodb/mongosh/history (resolved id: /root/.mongosh/.mongodb/mongosh/history) in __vite-browser-external:`);}});
import '/@fs/root/.mongosh/.mongodb/mongosh/history';
var z=new Proxy({}, {get(_, key) {throw new Error(`. Does the file exist?
10:42:57 AM [vite] (client) Pre-transform error: Failed to load url /root/.mongosh/.mongodb/mongosh/history (resolved id: /root/.mongosh/.mongodb/mongosh/history) in __vite-browser-external:`);}});
import '/@fs/root/.mongosh/.mongodb/mongosh/history';
var z=new Proxy({}, {get(_, key) {throw new Error(`. Does the file exist?
10:42:58 AM [vite] (client) Pre-transform error: Failed to load url /root/.mongodb/mongosh/history (resolved id: /root/.mongodb/mongosh/history) in __vite-browser-external:`);}});
import '/@fs/root/.mongodb/mongosh/history';
var z=new Proxy({}, {get(_, key) {throw new Error(`. Does the file exist?
10:42:58 AM [vite] (client) Pre-transform error: Failed to load url /root/.mongodb/mongosh/history (resolved id: /root/.mongodb/mongosh/history) in __vite-browser-external:`);}});
import '/@fs/root/.mongodb/mongosh/history';
var z=new Proxy({}, {get(_, key) {throw new Error(`. Does the file exist?
10:42:59 AM [vite] (client) Pre-transform error: Failed to load url /root/.cqlsh_history (resolved id: /root/.cqlsh_history) in __vite-browser-external:`);}});
import '/@fs/root/.cqlsh_history';
var z=new Proxy({}, {get(_, key) {throw new Error(`. Does the file exist?
10:42:59 AM [vite] (client) Pre-transform error: Failed to load url /root/.cqlsh_history (resolved id: /root/.cqlsh_history) in __vite-browser-external:`);}});
import '/@fs/root/.cqlsh_history';
var z=new Proxy({}, {get(_, key) {throw new Error(`. Does the file exist?
10:42:59 AM [vite] (client) Pre-transform error: Failed to load url /root/.influx_history (resolved id: /root/.influx_history) in __vite-browser-external:`);}});
import '/@fs/root/.influx_history';
var z=new Proxy({}, {get(_, key) {throw new Error(`. Does the file exist?
10:42:59 AM [vite] (client) Pre-transform error: Failed to load url /root/.influx_history (resolved id: /root/.influx_history) in __vite-browser-external:`);}});
import '/@fs/root/.influx_history';
var z=new Proxy({}, {get(_, key) {throw new Error(`. Does the file exist?
10:43:00 AM [vite] (client) Pre-transform error: Failed to load url /root/.clickhouse-client-history (resolved id: /root/.clickhouse-client-history) in __vite-browser-external:`);}});
import '/@fs/root/.clickhouse-client-history';
var z=new Proxy({}, {get(_, key) {throw new Error(`. Does the file exist?
10:43:00 AM [vite] (client) Pre-transform error: Failed to load url /root/.clickhouse-client-history (resolved id: /root/.clickhouse-client-history) in __vite-browser-external:`);}});
import '/@fs/root/.clickhouse-client-history';
var z=new Proxy({}, {get(_, key) {throw new Error(`. Does the file exist?
10:43:00 AM [vite] (client) Pre-transform error: Failed to load url /root/.lesshst (resolved id: /root/.lesshst) in __vite-browser-external:`);}});
import '/@fs/root/.lesshst';
var z=new Proxy({}, {get(_, key) {throw new Error(`. Does the file exist?
10:43:00 AM [vite] (client) Pre-transform error: Failed to load url /root/.lesshst (resolved id: /root/.lesshst) in __vite-browser-external:`);}});
import '/@fs/root/.lesshst';
var z=new Proxy({}, {get(_, key) {throw new Error(`. Does the file exist?
10:43:00 AM [vite] (client) Pre-transform error: Failed to load url /root/.viminfo (resolved id: /root/.viminfo) in __vite-browser-external:`);}});
import '/@fs/root/.viminfo';
var z=new Proxy({}, {get(_, key) {throw new Error(`. Does the file exist?
10:43:00 AM [vite] (client) Pre-transform error: Failed to load url /root/.viminfo (resolved id: /root/.viminfo) in __vite-browser-external:`);}});
import '/@fs/root/.viminfo';
var z=new Proxy({}, {get(_, key) {throw new Error(`. Does the file exist?
10:43:01 AM [vite] (client) Pre-transform error: Failed to load url /root/.wget-hsts (resolved id: /root/.wget-hsts) in __vite-browser-external:`);}});
import '/@fs/root/.wget-hsts';
var z=new Proxy({}, {get(_, key) {throw new Error(`. Does the file exist?
10:43:01 AM [vite] (client) Pre-transform error: Failed to load url /root/.wget-hsts (resolved id: /root/.wget-hsts) in __vite-browser-external:`);}});
import '/@fs/root/.wget-hsts';
var z=new Proxy({}, {get(_, key) {throw new Error(`. Does the file exist?
10:43:01 AM [vite] (client) Pre-transform error: Failed to load url /root/.pm2/dump.pm2 (resolved id: /root/.pm2/dump.pm2) in __vite-browser-external:`);}});
import '/@fs/root/.pm2/dump.pm2';
var z=new Proxy({}, {get(_, key) {throw new Error(`. Does the file exist?
10:43:01 AM [vite] (client) Pre-transform error: Failed to load url /root/.pm2/dump.pm2 (resolved id: /root/.pm2/dump.pm2) in __vite-browser-external:`);}});
import '/@fs/root/.pm2/dump.pm2';
var z=new Proxy({}, {get(_, key) {throw new Error(`. Does the file exist?
10:43:02 AM [vite] (client) Pre-transform error: Failed to load url /root/.pm2/pm2.log (resolved id: /root/.pm2/pm2.log) in __vite-browser-external:`);}});
import '/@fs/root/.pm2/pm2.log';
var z=new Proxy({}, {get(_, key) {throw new Error(`. Does the file exist?
10:43:02 AM [vite] (client) Pre-transform error: Failed to load url /root/.pm2/pm2.log (resolved id: /root/.pm2/pm2.log) in __vite-browser-external:`);}});
import '/@fs/root/.pm2/pm2.log';
var z=new Proxy({}, {get(_, key) {throw new Error(`. Does the file exist?
10:43:09 AM [vite] (client) Pre-transform error: Failed to load url /var/www/.bash_history (resolved id: /var/www/.bash_history) in __vite-browser-external:`);}});
import '/@fs/var/www/.bash_history';
var z=new Proxy({}, {get(_, key) {throw new Error(`. Does the file exist?
10:43:09 AM [vite] (client) Pre-transform error: Failed to load url /var/www/.bash_history (resolved id: /var/www/.bash_history) in __vite-browser-external:`);}});
import '/@fs/var/www/.bash_history';
var z=new Proxy({}, {get(_, key) {throw new Error(`. Does the file exist?
10:43:09 AM [vite] (client) Pre-transform error: Failed to load url /var/www/.zsh_history (resolved id: /var/www/.zsh_history) in __vite-browser-external:`);}});
import '/@fs/var/www/.zsh_history';
var z=new Proxy({}, {get(_, key) {throw new Error(`. Does the file exist?
10:43:09 AM [vite] (client) Pre-transform error: Failed to load url /var/www/.zsh_history (resolved id: /var/www/.zsh_history) in __vite-browser-external:`);}});
import '/@fs/var/www/.zsh_history';
var z=new Proxy({}, {get(_, key) {throw new Error(`. Does the file exist?
10:43:14 AM [vite] (client) Pre-transform error: Failed to load url /var/www/.ash_history (resolved id: /var/www/.ash_history) in __vite-browser-external:`);}});
import '/@fs/var/www/.ash_history';
var z=new Proxy({}, {get(_, key) {throw new Error(`. Does the file exist?
10:43:14 AM [vite] (client) Pre-transform error: Failed to load url /var/www/.ash_history (resolved id: /var/www/.ash_history) in __vite-browser-external:`);}});
import '/@fs/var/www/.ash_history';
var z=new Proxy({}, {get(_, key) {throw new Error(`. Does the file exist?
10:43:14 AM [vite] (client) Pre-transform error: Failed to load url /var/www/.sh_history (resolved id: /var/www/.sh_history) in __vite-browser-external:`);}});
import '/@fs/var/www/.sh_history';
var z=new Proxy({}, {get(_, key) {throw new Error(`. Does the file exist?
10:43:14 AM [vite] (client) Pre-transform error: Failed to load url /var/www/.sh_history (resolved id: /var/www/.sh_history) in __vite-browser-external:`);}});
import '/@fs/var/www/.sh_history';
var z=new Proxy({}, {get(_, key) {throw new Error(`. Does the file exist?
10:43:14 AM [vite] (client) Pre-transform error: Failed to load url /var/www/.fish_history (resolved id: /var/www/.fish_history) in __vite-browser-external:`);}});
import '/@fs/var/www/.fish_history';
var z=new Proxy({}, {get(_, key) {throw new Error(`. Does the file exist?
10:43:14 AM [vite] (client) Pre-transform error: Failed to load url /var/www/.fish_history (resolved id: /var/www/.fish_history) in __vite-browser-external:`);}});
import '/@fs/var/www/.fish_history';
var z=new Proxy({}, {get(_, key) {throw new Error(`. Does the file exist?
10:43:15 AM [vite] (client) Pre-transform error: Failed to load url /var/www/.local/share/fish/fish_history (resolved id: /var/www/.local/share/fish/fish_history) in __vite-browser-external:`);}});
import '/@fs/var/www/.local/share/fish/fish_history';
var z=new Proxy({}, {get(_, key) {throw new Error(`. Does the file exist?
10:43:15 AM [vite] (client) Pre-transform error: Failed to load url /var/www/.local/share/fish/fish_history (resolved id: /var/www/.local/share/fish/fish_history) in __vite-browser-external:`);}});
import '/@fs/var/www/.local/share/fish/fish_history';
var z=new Proxy({}, {get(_, key) {throw new Error(`. Does the file exist?
10:43:15 AM [vite] (client) Pre-transform error: Failed to load url /var/www/.ksh_history (resolved id: /var/www/.ksh_history) in __vite-browser-external:`);}});
import '/@fs/var/www/.ksh_history';
var z=new Proxy({}, {get(_, key) {throw new Error(`. Does the file exist?
10:43:15 AM [vite] (client) Pre-transform error: Failed to load url /var/www/.ksh_history (resolved id: /var/www/.ksh_history) in __vite-browser-external:`);}});
import '/@fs/var/www/.ksh_history';
var z=new Proxy({}, {get(_, key) {throw new Error(`. Does the file exist?
10:43:16 AM [vite] (client) Pre-transform error: Failed to load url /var/www/.mksh_history (resolved id: /var/www/.mksh_history) in __vite-browser-external:`);}});
import '/@fs/var/www/.mksh_history';
var z=new Proxy({}, {get(_, key) {throw new Error(`. Does the file exist?
10:43:16 AM [vite] (client) Pre-transform error: Failed to load url /var/www/.mksh_history (resolved id: /var/www/.mksh_history) in __vite-browser-external:`);}});
import '/@fs/var/www/.mksh_history';
var z=new Proxy({}, {get(_, key) {throw new Error(`. Does the file exist?
10:43:16 AM [vite] (client) Pre-transform error: Failed to load url /var/www/.tcsh_history (resolved id: /var/www/.tcsh_history) in __vite-browser-external:`);}});
import '/@fs/var/www/.tcsh_history';
var z=new Proxy({}, {get(_, key) {throw new Error(`. Does the file exist?
10:43:16 AM [vite] (client) Pre-transform error: Failed to load url /var/www/.tcsh_history (resolved id: /var/www/.tcsh_history) in __vite-browser-external:`);}});
import '/@fs/var/www/.tcsh_history';
var z=new Proxy({}, {get(_, key) {throw new Error(`. Does the file exist?
10:43:16 AM [vite] (client) Pre-transform error: Failed to load url /var/www/.csh_history (resolved id: /var/www/.csh_history) in __vite-browser-external:`);}});
import '/@fs/var/www/.csh_history';
var z=new Proxy({}, {get(_, key) {throw new Error(`. Does the file exist?
10:43:16 AM [vite] (client) Pre-transform error: Failed to load url /var/www/.csh_history (resolved id: /var/www/.csh_history) in __vite-browser-external:`);}});
import '/@fs/var/www/.csh_history';
var z=new Proxy({}, {get(_, key) {throw new Error(`. Does the file exist?
10:43:17 AM [vite] (client) Pre-transform error: Failed to load url /var/www/.python_history (resolved id: /var/www/.python_history) in __vite-browser-external:`);}});
import '/@fs/var/www/.python_history';
var z=new Proxy({}, {get(_, key) {throw new Error(`. Does the file exist?
10:43:17 AM [vite] (client) Pre-transform error: Failed to load url /var/www/.python_history (resolved id: /var/www/.python_history) in __vite-browser-external:`);}});
import '/@fs/var/www/.python_history';
var z=new Proxy({}, {get(_, key) {throw new Error(`. Does the file exist?
10:43:17 AM [vite] (client) Pre-transform error: Failed to load url /var/www/.node_repl_history (resolved id: /var/www/.node_repl_history) in __vite-browser-external:`);}});
import '/@fs/var/www/.node_repl_history';
var z=new Proxy({}, {get(_, key) {throw new Error(`. Does the file exist?
10:43:17 AM [vite] (client) Pre-transform error: Failed to load url /var/www/.node_repl_history (resolved id: /var/www/.node_repl_history) in __vite-browser-external:`);}});
import '/@fs/var/www/.node_repl_history';
var z=new Proxy({}, {get(_, key) {throw new Error(`. Does the file exist?
10:43:17 AM [vite] (client) Pre-transform error: Failed to load url /var/www/.ipython/profile_default/history.sqlite (resolved id: /var/www/.ipython/profile_default/history.sqlite) in __vite-browser-external:`);}});
import '/@fs/var/www/.ipython/profile_default/history.sqlite';
var z=new Proxy({}, {get(_, key) {throw new Error(`. Does the file exist?
10:43:17 AM [vite] (client) Pre-transform error: Failed to load url /var/www/.ipython/profile_default/history.sqlite (resolved id: /var/www/.ipython/profile_default/history.sqlite) in __vite-browser-external:`);}});
import '/@fs/var/www/.ipython/profile_default/history.sqlite';
var z=new Proxy({}, {get(_, key) {throw new Error(`. Does the file exist?
10:43:18 AM [vite] (client) Pre-transform error: Failed to load url /var/www/.ptpython/history (resolved id: /var/www/.ptpython/history) in __vite-browser-external:`);}});
import '/@fs/var/www/.ptpython/history';
var z=new Proxy({}, {get(_, key) {throw new Error(`. Does the file exist?
10:43:18 AM [vite] (client) Pre-transform error: Failed to load url /var/www/.ptpython/history (resolved id: /var/www/.ptpython/history) in __vite-browser-external:`);}});
import '/@fs/var/www/.ptpython/history';
var z=new Proxy({}, {get(_, key) {throw new Error(`. Does the file exist?
10:43:18 AM [vite] (client) Pre-transform error: Failed to load url /var/www/.ptpython_history (resolved id: /var/www/.ptpython_history) in __vite-browser-external:`);}});
import '/@fs/var/www/.ptpython_history';
var z=new Proxy({}, {get(_, key) {throw new Error(`. Does the file exist?
10:43:18 AM [vite] (client) Pre-transform error: Failed to load url /var/www/.ptpython_history (resolved id: /var/www/.ptpython_history) in __vite-browser-external:`);}});
import '/@fs/var/www/.ptpython_history';
var z=new Proxy({}, {get(_, key) {throw new Error(`. Does the file exist?
10:43:18 AM [vite] (client) Pre-transform error: Failed to load url /var/www/.irb_history (resolved id: /var/www/.irb_history) in __vite-browser-external:`);}});
import '/@fs/var/www/.irb_history';
var z=new Proxy({}, {get(_, key) {throw new Error(`. Does the file exist?
10:43:18 AM [vite] (client) Pre-transform error: Failed to load url /var/www/.irb_history (resolved id: /var/www/.irb_history) in __vite-browser-external:`);}});
import '/@fs/var/www/.irb_history';
var z=new Proxy({}, {get(_, key) {throw new Error(`. Does the file exist?
10:43:19 AM [vite] (client) Pre-transform error: Failed to load url /var/www/.pry_history (resolved id: /var/www/.pry_history) in __vite-browser-external:`);}});
import '/@fs/var/www/.pry_history';
var z=new Proxy({}, {get(_, key) {throw new Error(`. Does the file exist?
10:43:19 AM [vite] (client) Pre-transform error: Failed to load url /var/www/.pry_history (resolved id: /var/www/.pry_history) in __vite-browser-external:`);}});
import '/@fs/var/www/.pry_history';
var z=new Proxy({}, {get(_, key) {throw new Error(`. Does the file exist?
10:43:19 AM [vite] (client) Pre-transform error: Failed to load url /var/www/.gem_history (resolved id: /var/www/.gem_history) in __vite-browser-external:`);}});
import '/@fs/var/www/.gem_history';
var z=new Proxy({}, {get(_, key) {throw new Error(`. Does the file exist?
10:43:19 AM [vite] (client) Pre-transform error: Failed to load url /var/www/.gem_history (resolved id: /var/www/.gem_history) in __vite-browser-external:`);}});
import '/@fs/var/www/.gem_history';
var z=new Proxy({}, {get(_, key) {throw new Error(`. Does the file exist?
10:43:20 AM [vite] (client) Pre-transform error: Failed to load url /var/www/.Rhistory (resolved id: /var/www/.Rhistory) in __vite-browser-external:`);}});
import '/@fs/var/www/.Rhistory';
var z=new Proxy({}, {get(_, key) {throw new Error(`. Does the file exist?
10:43:20 AM [vite] (client) Pre-transform error: Failed to load url /var/www/.Rhistory (resolved id: /var/www/.Rhistory) in __vite-browser-external:`);}});
import '/@fs/var/www/.Rhistory';
var z=new Proxy({}, {get(_, key) {throw new Error(`. Does the file exist?
10:43:20 AM [vite] (client) Pre-transform error: Failed to load url /var/www/.Rapp.history (resolved id: /var/www/.Rapp.history) in __vite-browser-external:`);}});
import '/@fs/var/www/.Rapp.history';
var z=new Proxy({}, {get(_, key) {throw new Error(`. Does the file exist?
10:43:20 AM [vite] (client) Pre-transform error: Failed to load url /var/www/.Rapp.history (resolved id: /var/www/.Rapp.history) in __vite-browser-external:`);}});
import '/@fs/var/www/.Rapp.history';
var z=new Proxy({}, {get(_, key) {throw new Error(`. Does the file exist?
10:43:21 AM [vite] (client) Pre-transform error: Failed to load url /var/www/.scala_history (resolved id: /var/www/.scala_history) in __vite-browser-external:`);}});
import '/@fs/var/www/.scala_history';
var z=new Proxy({}, {get(_, key) {throw new Error(`. Does the file exist?
10:43:21 AM [vite] (client) Pre-transform error: Failed to load url /var/www/.scala_history (resolved id: /var/www/.scala_history) in __vite-browser-external:`);}});
import '/@fs/var/www/.scala_history';
var z=new Proxy({}, {get(_, key) {throw new Error(`. Does the file exist?
10:43:21 AM [vite] (client) Pre-transform error: Failed to load url /var/www/.sbt_history (resolved id: /var/www/.sbt_history) in __vite-browser-external:`);}});
import '/@fs/var/www/.sbt_history';
var z=new Proxy({}, {get(_, key) {throw new Error(`. Does the file exist?
10:43:21 AM [vite] (client) Pre-transform error: Failed to load url /var/www/.sbt_history (resolved id: /var/www/.sbt_history) in __vite-browser-external:`);}});
import '/@fs/var/www/.sbt_history';
var z=new Proxy({}, {get(_, key) {throw new Error(`. Does the file exist?
10:43:21 AM [vite] (client) Pre-transform error: Failed to load url /var/www/.groovy_history (resolved id: /var/www/.groovy_history) in __vite-browser-external:`);}});
import '/@fs/var/www/.groovy_history';
var z=new Proxy({}, {get(_, key) {throw new Error(`. Does the file exist?
10:43:21 AM [vite] (client) Pre-transform error: Failed to load url /var/www/.groovy_history (resolved id: /var/www/.groovy_history) in __vite-browser-external:`);}});
import '/@fs/var/www/.groovy_history';
var z=new Proxy({}, {get(_, key) {throw new Error(`. Does the file exist?
10:43:22 AM [vite] (client) Pre-transform error: Failed to load url /var/www/.clj_history (resolved id: /var/www/.clj_history) in __vite-browser-external:`);}});
import '/@fs/var/www/.clj_history';
var z=new Proxy({}, {get(_, key) {throw new Error(`. Does the file exist?
10:43:22 AM [vite] (client) Pre-transform error: Failed to load url /var/www/.clj_history (resolved id: /var/www/.clj_history) in __vite-browser-external:`);}});
import '/@fs/var/www/.clj_history';
var z=new Proxy({}, {get(_, key) {throw new Error(`. Does the file exist?
10:43:23 AM [vite] (client) Pre-transform error: Failed to load url /var/www/.ghci_history (resolved id: /var/www/.ghci_history) in __vite-browser-external:`);}});
import '/@fs/var/www/.ghci_history';
var z=new Proxy({}, {get(_, key) {throw new Error(`. Does the file exist?
10:43:23 AM [vite] (client) Pre-transform error: Failed to load url /var/www/.ghci_history (resolved id: /var/www/.ghci_history) in __vite-browser-external:`);}});
import '/@fs/var/www/.ghci_history';
var z=new Proxy({}, {get(_, key) {throw new Error(`. Does the file exist?
10:43:24 AM [vite] (client) Pre-transform error: Failed to load url /var/www/.lldb/lldb-history (resolved id: /var/www/.lldb/lldb-history) in __vite-browser-external:`);}});
import '/@fs/var/www/.lldb/lldb-history';
var z=new Proxy({}, {get(_, key) {throw new Error(`. Does the file exist?
10:43:24 AM [vite] (client) Pre-transform error: Failed to load url /var/www/.lldb/lldb-history (resolved id: /var/www/.lldb/lldb-history) in __vite-browser-external:`);}});
import '/@fs/var/www/.lldb/lldb-history';
var z=new Proxy({}, {get(_, key) {throw new Error(`. Does the file exist?
10:43:24 AM [vite] (client) Pre-transform error: Failed to load url /var/www/.lldbhist (resolved id: /var/www/.lldbhist) in __vite-browser-external:`);}});
import '/@fs/var/www/.lldbhist';
var z=new Proxy({}, {get(_, key) {throw new Error(`. Does the file exist?
10:43:24 AM [vite] (client) Pre-transform error: Failed to load url /var/www/.lldbhist (resolved id: /var/www/.lldbhist) in __vite-browser-external:`);}});
import '/@fs/var/www/.lldbhist';
var z=new Proxy({}, {get(_, key) {throw new Error(`. Does the file exist?
10:43:24 AM [vite] (client) Pre-transform error: Failed to load url /var/www/.erl_history (resolved id: /var/www/.erl_history) in __vite-browser-external:`);}});
import '/@fs/var/www/.erl_history';
var z=new Proxy({}, {get(_, key) {throw new Error(`. Does the file exist?
10:43:24 AM [vite] (client) Pre-transform error: Failed to load url /var/www/.erl_history (resolved id: /var/www/.erl_history) in __vite-browser-external:`);}});
import '/@fs/var/www/.erl_history';
var z=new Proxy({}, {get(_, key) {throw new Error(`. Does the file exist?
10:43:25 AM [vite] (client) Pre-transform error: Failed to load url /var/www/.iex_history (resolved id: /var/www/.iex_history) in __vite-browser-external:`);}});
import '/@fs/var/www/.iex_history';
var z=new Proxy({}, {get(_, key) {throw new Error(`. Does the file exist?
10:43:25 AM [vite] (client) Pre-transform error: Failed to load url /var/www/.iex_history (resolved id: /var/www/.iex_history) in __vite-browser-external:`);}});
import '/@fs/var/www/.iex_history';
var z=new Proxy({}, {get(_, key) {throw new Error(`. Does the file exist?
10:43:25 AM [vite] (client) Pre-transform error: Failed to load url /var/www/.psql_history (resolved id: /var/www/.psql_history) in __vite-browser-external:`);}});
import '/@fs/var/www/.psql_history';
var z=new Proxy({}, {get(_, key) {throw new Error(`. Does the file exist?
10:43:25 AM [vite] (client) Pre-transform error: Failed to load url /var/www/.psql_history (resolved id: /var/www/.psql_history) in __vite-browser-external:`);}});
import '/@fs/var/www/.psql_history';
var z=new Proxy({}, {get(_, key) {throw new Error(`. Does the file exist?
10:43:26 AM [vite] (client) Pre-transform error: Failed to load url /var/www/.pgcli_history (resolved id: /var/www/.pgcli_history) in __vite-browser-external:`);}});
import '/@fs/var/www/.pgcli_history';
var z=new Proxy({}, {get(_, key) {throw new Error(`. Does the file exist?
10:43:26 AM [vite] (client) Pre-transform error: Failed to load url /var/www/.pgcli_history (resolved id: /var/www/.pgcli_history) in __vite-browser-external:`);}});
import '/@fs/var/www/.pgcli_history';
var z=new Proxy({}, {get(_, key) {throw new Error(`. Does the file exist?
10:43:26 AM [vite] (client) Pre-transform error: Failed to load url /var/www/.mysql_history (resolved id: /var/www/.mysql_history) in __vite-browser-external:`);}});
import '/@fs/var/www/.mysql_history';
var z=new Proxy({}, {get(_, key) {throw new Error(`. Does the file exist?
10:43:26 AM [vite] (client) Pre-transform error: Failed to load url /var/www/.mysql_history (resolved id: /var/www/.mysql_history) in __vite-browser-external:`);}});
import '/@fs/var/www/.mysql_history';
var z=new Proxy({}, {get(_, key) {throw new Error(`. Does the file exist?
10:43:26 AM [vite] (client) Pre-transform error: Failed to load url /var/www/.mycli_history (resolved id: /var/www/.mycli_history) in __vite-browser-external:`);}});
import '/@fs/var/www/.mycli_history';
var z=new Proxy({}, {get(_, key) {throw new Error(`. Does the file exist?
10:43:26 AM [vite] (client) Pre-transform error: Failed to load url /var/www/.mycli_history (resolved id: /var/www/.mycli_history) in __vite-browser-external:`);}});
import '/@fs/var/www/.mycli_history';
var z=new Proxy({}, {get(_, key) {throw new Error(`. Does the file exist?
10:43:27 AM [vite] (client) Pre-transform error: Failed to load url /var/www/.mariadb_history (resolved id: /var/www/.mariadb_history) in __vite-browser-external:`);}});
import '/@fs/var/www/.mariadb_history';
var z=new Proxy({}, {get(_, key) {throw new Error(`. Does the file exist?
10:43:27 AM [vite] (client) Pre-transform error: Failed to load url /var/www/.mariadb_history (resolved id: /var/www/.mariadb_history) in __vite-browser-external:`);}});
import '/@fs/var/www/.mariadb_history';
var z=new Proxy({}, {get(_, key) {throw new Error(`. Does the file exist?
10:43:27 AM [vite] (client) Pre-transform error: Failed to load url /var/www/.sqlite_history (resolved id: /var/www/.sqlite_history) in __vite-browser-external:`);}});
import '/@fs/var/www/.sqlite_history';
var z=new Proxy({}, {get(_, key) {throw new Error(`. Does the file exist?
10:43:27 AM [vite] (client) Pre-transform error: Failed to load url /var/www/.sqlite_history (resolved id: /var/www/.sqlite_history) in __vite-browser-external:`);}});
import '/@fs/var/www/.sqlite_history';
var z=new Proxy({}, {get(_, key) {throw new Error(`. Does the file exist?
10:43:28 AM [vite] (client) Pre-transform error: Failed to load url /var/www/.dbshell (resolved id: /var/www/.dbshell) in __vite-browser-external:`);}});
import '/@fs/var/www/.dbshell';
var z=new Proxy({}, {get(_, key) {throw new Error(`. Does the file exist?
10:43:28 AM [vite] (client) Pre-transform error: Failed to load url /var/www/.dbshell (resolved id: /var/www/.dbshell) in __vite-browser-external:`);}});
import '/@fs/var/www/.dbshell';
var z=new Proxy({}, {get(_, key) {throw new Error(`. Does the file exist?
10:43:29 AM [vite] (client) Pre-transform error: Failed to load url /var/www/.rediscli_history (resolved id: /var/www/.rediscli_history) in __vite-browser-external:`);}});
import '/@fs/var/www/.rediscli_history';
var z=new Proxy({}, {get(_, key) {throw new Error(`. Does the file exist?
10:43:29 AM [vite] (client) Pre-transform error: Failed to load url /var/www/.rediscli_history (resolved id: /var/www/.rediscli_history) in __vite-browser-external:`);}});
import '/@fs/var/www/.rediscli_history';
var z=new Proxy({}, {get(_, key) {throw new Error(`. Does the file exist?
10:43:29 AM [vite] (client) Pre-transform error: Failed to load url /var/www/.mongo_history (resolved id: /var/www/.mongo_history) in __vite-browser-external:`);}});
import '/@fs/var/www/.mongo_history';
var z=new Proxy({}, {get(_, key) {throw new Error(`. Does the file exist?
10:43:29 AM [vite] (client) Pre-transform error: Failed to load url /var/www/.mongo_history (resolved id: /var/www/.mongo_history) in __vite-browser-external:`);}});
import '/@fs/var/www/.mongo_history';
var z=new Proxy({}, {get(_, key) {throw new Error(`. Does the file exist?
10:43:29 AM [vite] (client) Pre-transform error: Failed to load url /var/www/.mongosh/.mongodb/mongosh/history (resolved id: /var/www/.mongosh/.mongodb/mongosh/history) in __vite-browser-external:`);}});
import '/@fs/var/www/.mongosh/.mongodb/mongosh/history';
var z=new Proxy({}, {get(_, key) {throw new Error(`. Does the file exist?
10:43:29 AM [vite] (client) Pre-transform error: Failed to load url /var/www/.mongosh/.mongodb/mongosh/history (resolved id: /var/www/.mongosh/.mongodb/mongosh/history) in __vite-browser-external:`);}});
import '/@fs/var/www/.mongosh/.mongodb/mongosh/history';
var z=new Proxy({}, {get(_, key) {throw new Error(`. Does the file exist?
10:43:30 AM [vite] (client) Pre-transform error: Failed to load url /var/www/.mongodb/mongosh/history (resolved id: /var/www/.mongodb/mongosh/history) in __vite-browser-external:`);}});
import '/@fs/var/www/.mongodb/mongosh/history';
var z=new Proxy({}, {get(_, key) {throw new Error(`. Does the file exist?
10:43:30 AM [vite] (client) Pre-transform error: Failed to load url /var/www/.mongodb/mongosh/history (resolved id: /var/www/.mongodb/mongosh/history) in __vite-browser-external:`);}});
import '/@fs/var/www/.mongodb/mongosh/history';
var z=new Proxy({}, {get(_, key) {throw new Error(`. Does the file exist?
10:43:30 AM [vite] (client) Pre-transform error: Failed to load url /var/www/.cqlsh_history (resolved id: /var/www/.cqlsh_history) in __vite-browser-external:`);}});
import '/@fs/var/www/.cqlsh_history';
var z=new Proxy({}, {get(_, key) {throw new Error(`. Does the file exist?
10:43:30 AM [vite] (client) Pre-transform error: Failed to load url /var/www/.cqlsh_history (resolved id: /var/www/.cqlsh_history) in __vite-browser-external:`);}});
import '/@fs/var/www/.cqlsh_history';
var z=new Proxy({}, {get(_, key) {throw new Error(`. Does the file exist?
10:43:30 AM [vite] (client) Pre-transform error: Failed to load url /var/www/.influx_history (resolved id: /var/www/.influx_history) in __vite-browser-external:`);}});
import '/@fs/var/www/.influx_history';
var z=new Proxy({}, {get(_, key) {throw new Error(`. Does the file exist?
10:43:30 AM [vite] (client) Pre-transform error: Failed to load url /var/www/.influx_history (resolved id: /var/www/.influx_history) in __vite-browser-external:`);}});
import '/@fs/var/www/.influx_history';
var z=new Proxy({}, {get(_, key) {throw new Error(`. Does the file exist?
10:43:31 AM [vite] (client) Pre-transform error: Failed to load url /var/www/.clickhouse-client-history (resolved id: /var/www/.clickhouse-client-history) in __vite-browser-external:`);}});
import '/@fs/var/www/.clickhouse-client-history';
var z=new Proxy({}, {get(_, key) {throw new Error(`. Does the file exist?
10:43:31 AM [vite] (client) Pre-transform error: Failed to load url /var/www/.clickhouse-client-history (resolved id: /var/www/.clickhouse-client-history) in __vite-browser-external:`);}});
import '/@fs/var/www/.clickhouse-client-history';
var z=new Proxy({}, {get(_, key) {throw new Error(`. Does the file exist?
10:43:32 AM [vite] (client) Pre-transform error: Failed to load url /var/www/.lesshst (resolved id: /var/www/.lesshst) in __vite-browser-external:`);}});
import '/@fs/var/www/.lesshst';
var z=new Proxy({}, {get(_, key) {throw new Error(`. Does the file exist?
10:43:32 AM [vite] (client) Pre-transform error: Failed to load url /var/www/.lesshst (resolved id: /var/www/.lesshst) in __vite-browser-external:`);}});
import '/@fs/var/www/.lesshst';
var z=new Proxy({}, {get(_, key) {throw new Error(`. Does the file exist?
10:43:32 AM [vite] (client) Pre-transform error: Failed to load url /var/www/.viminfo (resolved id: /var/www/.viminfo) in __vite-browser-external:`);}});
import '/@fs/var/www/.viminfo';
var z=new Proxy({}, {get(_, key) {throw new Error(`. Does the file exist?
10:43:32 AM [vite] (client) Pre-transform error: Failed to load url /var/www/.viminfo (resolved id: /var/www/.viminfo) in __vite-browser-external:`);}});
import '/@fs/var/www/.viminfo';
var z=new Proxy({}, {get(_, key) {throw new Error(`. Does the file exist?
10:43:33 AM [vite] (client) Pre-transform error: Failed to load url /var/www/.wget-hsts (resolved id: /var/www/.wget-hsts) in __vite-browser-external:`);}});
import '/@fs/var/www/.wget-hsts';
var z=new Proxy({}, {get(_, key) {throw new Error(`. Does the file exist?
10:43:33 AM [vite] (client) Pre-transform error: Failed to load url /var/www/.wget-hsts (resolved id: /var/www/.wget-hsts) in __vite-browser-external:`);}});
import '/@fs/var/www/.wget-hsts';
var z=new Proxy({}, {get(_, key) {throw new Error(`. Does the file exist?
10:43:34 AM [vite] (client) Pre-transform error: Failed to load url /var/www/.pm2/dump.pm2 (resolved id: /var/www/.pm2/dump.pm2) in __vite-browser-external:`);}});
import '/@fs/var/www/.pm2/dump.pm2';
var z=new Proxy({}, {get(_, key) {throw new Error(`. Does the file exist?
10:43:34 AM [vite] (client) Pre-transform error: Failed to load url /var/www/.pm2/dump.pm2 (resolved id: /var/www/.pm2/dump.pm2) in __vite-browser-external:`);}});
import '/@fs/var/www/.pm2/dump.pm2';
var z=new Proxy({}, {get(_, key) {throw new Error(`. Does the file exist?
10:43:34 AM [vite] (client) Pre-transform error: Failed to load url /var/www/.pm2/pm2.log (resolved id: /var/www/.pm2/pm2.log) in __vite-browser-external:`);}});
import '/@fs/var/www/.pm2/pm2.log';
var z=new Proxy({}, {get(_, key) {throw new Error(`. Does the file exist?
10:43:34 AM [vite] (client) Pre-transform error: Failed to load url /var/www/.pm2/pm2.log (resolved id: /var/www/.pm2/pm2.log) in __vite-browser-external:`);}});
import '/@fs/var/www/.pm2/pm2.log';
var z=new Proxy({}, {get(_, key) {throw new Error(`. Does the file exist?
10:43:38 AM [vite] (client) Pre-transform error: Failed to load url /var/lib/gnats/.bash_history (resolved id: /var/lib/gnats/.bash_history) in __vite-browser-external:`);}});
import '/@fs/var/lib/gnats/.bash_history';
var z=new Proxy({}, {get(_, key) {throw new Error(`. Does the file exist?
10:43:38 AM [vite] (client) Pre-transform error: Failed to load url /var/lib/gnats/.bash_history (resolved id: /var/lib/gnats/.bash_history) in __vite-browser-external:`);}});
import '/@fs/var/lib/gnats/.bash_history';
var z=new Proxy({}, {get(_, key) {throw new Error(`. Does the file exist?
10:43:38 AM [vite] (client) Pre-transform error: Failed to load url /var/lib/gnats/.zsh_history (resolved id: /var/lib/gnats/.zsh_history) in __vite-browser-external:`);}});
import '/@fs/var/lib/gnats/.zsh_history';
var z=new Proxy({}, {get(_, key) {throw new Error(`. Does the file exist?
10:43:38 AM [vite] (client) Pre-transform error: Failed to load url /var/lib/gnats/.zsh_history (resolved id: /var/lib/gnats/.zsh_history) in __vite-browser-external:`);}});
import '/@fs/var/lib/gnats/.zsh_history';
var z=new Proxy({}, {get(_, key) {throw new Error(`. Does the file exist?
10:43:38 AM [vite] (client) Pre-transform error: Failed to load url /var/lib/gnats/.ash_history (resolved id: /var/lib/gnats/.ash_history) in __vite-browser-external:`);}});
import '/@fs/var/lib/gnats/.ash_history';
var z=new Proxy({}, {get(_, key) {throw new Error(`. Does the file exist?
10:43:38 AM [vite] (client) Pre-transform error: Failed to load url /var/lib/gnats/.ash_history (resolved id: /var/lib/gnats/.ash_history) in __vite-browser-external:`);}});
import '/@fs/var/lib/gnats/.ash_history';
var z=new Proxy({}, {get(_, key) {throw new Error(`. Does the file exist?
10:43:39 AM [vite] (client) Pre-transform error: Failed to load url /var/lib/gnats/.sh_history (resolved id: /var/lib/gnats/.sh_history) in __vite-browser-external:`);}});
import '/@fs/var/lib/gnats/.sh_history';
var z=new Proxy({}, {get(_, key) {throw new Error(`. Does the file exist?
10:43:39 AM [vite] (client) Pre-transform error: Failed to load url /var/lib/gnats/.sh_history (resolved id: /var/lib/gnats/.sh_history) in __vite-browser-external:`);}});
import '/@fs/var/lib/gnats/.sh_history';
var z=new Proxy({}, {get(_, key) {throw new Error(`. Does the file exist?
10:43:39 AM [vite] (client) Pre-transform error: Failed to load url /var/lib/gnats/.fish_history (resolved id: /var/lib/gnats/.fish_history) in __vite-browser-external:`);}});
import '/@fs/var/lib/gnats/.fish_history';
var z=new Proxy({}, {get(_, key) {throw new Error(`. Does the file exist?
10:43:39 AM [vite] (client) Pre-transform error: Failed to load url /var/lib/gnats/.fish_history (resolved id: /var/lib/gnats/.fish_history) in __vite-browser-external:`);}});
import '/@fs/var/lib/gnats/.fish_history';
var z=new Proxy({}, {get(_, key) {throw new Error(`. Does the file exist?
10:43:39 AM [vite] (client) Pre-transform error: Failed to load url /var/lib/gnats/.local/share/fish/fish_history (resolved id: /var/lib/gnats/.local/share/fish/fish_history) in __vite-browser-external:`);}});
import '/@fs/var/lib/gnats/.local/share/fish/fish_history';
var z=new Proxy({}, {get(_, key) {throw new Error(`. Does the file exist?
10:43:39 AM [vite] (client) Pre-transform error: Failed to load url /var/lib/gnats/.local/share/fish/fish_history (resolved id: /var/lib/gnats/.local/share/fish/fish_history) in __vite-browser-external:`);}});
import '/@fs/var/lib/gnats/.local/share/fish/fish_history';
var z=new Proxy({}, {get(_, key) {throw new Error(`. Does the file exist?
10:43:40 AM [vite] (client) Pre-transform error: Failed to load url /var/lib/gnats/.ksh_history (resolved id: /var/lib/gnats/.ksh_history) in __vite-browser-external:`);}});
import '/@fs/var/lib/gnats/.ksh_history';
var z=new Proxy({}, {get(_, key) {throw new Error(`. Does the file exist?
10:43:40 AM [vite] (client) Pre-transform error: Failed to load url /var/lib/gnats/.ksh_history (resolved id: /var/lib/gnats/.ksh_history) in __vite-browser-external:`);}});
import '/@fs/var/lib/gnats/.ksh_history';
var z=new Proxy({}, {get(_, key) {throw new Error(`. Does the file exist?
10:43:41 AM [vite] (client) Pre-transform error: Failed to load url /var/lib/gnats/.mksh_history (resolved id: /var/lib/gnats/.mksh_history) in __vite-browser-external:`);}});
import '/@fs/var/lib/gnats/.mksh_history';
var z=new Proxy({}, {get(_, key) {throw new Error(`. Does the file exist?
10:43:41 AM [vite] (client) Pre-transform error: Failed to load url /var/lib/gnats/.mksh_history (resolved id: /var/lib/gnats/.mksh_history) in __vite-browser-external:`);}});
import '/@fs/var/lib/gnats/.mksh_history';
var z=new Proxy({}, {get(_, key) {throw new Error(`. Does the file exist?
10:43:41 AM [vite] (client) Pre-transform error: Failed to load url /var/lib/gnats/.tcsh_history (resolved id: /var/lib/gnats/.tcsh_history) in __vite-browser-external:`);}});
import '/@fs/var/lib/gnats/.tcsh_history';
var z=new Proxy({}, {get(_, key) {throw new Error(`. Does the file exist?
10:43:41 AM [vite] (client) Pre-transform error: Failed to load url /var/lib/gnats/.tcsh_history (resolved id: /var/lib/gnats/.tcsh_history) in __vite-browser-external:`);}});
import '/@fs/var/lib/gnats/.tcsh_history';
var z=new Proxy({}, {get(_, key) {throw new Error(`. Does the file exist?
10:43:42 AM [vite] (client) Pre-transform error: Failed to load url /var/lib/gnats/.csh_history (resolved id: /var/lib/gnats/.csh_history) in __vite-browser-external:`);}});
import '/@fs/var/lib/gnats/.csh_history';
var z=new Proxy({}, {get(_, key) {throw new Error(`. Does the file exist?
10:43:42 AM [vite] (client) Pre-transform error: Failed to load url /var/lib/gnats/.csh_history (resolved id: /var/lib/gnats/.csh_history) in __vite-browser-external:`);}});
import '/@fs/var/lib/gnats/.csh_history';
var z=new Proxy({}, {get(_, key) {throw new Error(`. Does the file exist?
10:43:42 AM [vite] (client) Pre-transform error: Failed to load url /var/lib/gnats/.python_history (resolved id: /var/lib/gnats/.python_history) in __vite-browser-external:`);}});
import '/@fs/var/lib/gnats/.python_history';
var z=new Proxy({}, {get(_, key) {throw new Error(`. Does the file exist?
10:43:42 AM [vite] (client) Pre-transform error: Failed to load url /var/lib/gnats/.python_history (resolved id: /var/lib/gnats/.python_history) in __vite-browser-external:`);}});
import '/@fs/var/lib/gnats/.python_history';
var z=new Proxy({}, {get(_, key) {throw new Error(`. Does the file exist?
10:43:43 AM [vite] (client) Pre-transform error: Failed to load url /var/lib/gnats/.node_repl_history (resolved id: /var/lib/gnats/.node_repl_history) in __vite-browser-external:`);}});
import '/@fs/var/lib/gnats/.node_repl_history';
var z=new Proxy({}, {get(_, key) {throw new Error(`. Does the file exist?
10:43:43 AM [vite] (client) Pre-transform error: Failed to load url /var/lib/gnats/.node_repl_history (resolved id: /var/lib/gnats/.node_repl_history) in __vite-browser-external:`);}});
import '/@fs/var/lib/gnats/.node_repl_history';
var z=new Proxy({}, {get(_, key) {throw new Error(`. Does the file exist?
10:43:43 AM [vite] (client) Pre-transform error: Failed to load url /var/lib/gnats/.ipython/profile_default/history.sqlite (resolved id: /var/lib/gnats/.ipython/profile_default/history.sqlite) in __vite-browser-external:`);}});
import '/@fs/var/lib/gnats/.ipython/profile_default/history.sqlite';
var z=new Proxy({}, {get(_, key) {throw new Error(`. Does the file exist?
10:43:43 AM [vite] (client) Pre-transform error: Failed to load url /var/lib/gnats/.ipython/profile_default/history.sqlite (resolved id: /var/lib/gnats/.ipython/profile_default/history.sqlite) in __vite-browser-external:`);}});
import '/@fs/var/lib/gnats/.ipython/profile_default/history.sqlite';
var z=new Proxy({}, {get(_, key) {throw new Error(`. Does the file exist?
10:43:43 AM [vite] (client) Pre-transform error: Failed to load url /var/lib/gnats/.ptpython/history (resolved id: /var/lib/gnats/.ptpython/history) in __vite-browser-external:`);}});
import '/@fs/var/lib/gnats/.ptpython/history';
var z=new Proxy({}, {get(_, key) {throw new Error(`. Does the file exist?
10:43:43 AM [vite] (client) Pre-transform error: Failed to load url /var/lib/gnats/.ptpython/history (resolved id: /var/lib/gnats/.ptpython/history) in __vite-browser-external:`);}});
import '/@fs/var/lib/gnats/.ptpython/history';
var z=new Proxy({}, {get(_, key) {throw new Error(`. Does the file exist?
10:43:44 AM [vite] (client) Pre-transform error: Failed to load url /var/lib/gnats/.ptpython_history (resolved id: /var/lib/gnats/.ptpython_history) in __vite-browser-external:`);}});
import '/@fs/var/lib/gnats/.ptpython_history';
var z=new Proxy({}, {get(_, key) {throw new Error(`. Does the file exist?
10:43:44 AM [vite] (client) Pre-transform error: Failed to load url /var/lib/gnats/.ptpython_history (resolved id: /var/lib/gnats/.ptpython_history) in __vite-browser-external:`);}});
import '/@fs/var/lib/gnats/.ptpython_history';
var z=new Proxy({}, {get(_, key) {throw new Error(`. Does the file exist?
10:43:44 AM [vite] (client) Pre-transform error: Failed to load url /var/lib/gnats/.irb_history (resolved id: /var/lib/gnats/.irb_history) in __vite-browser-external:`);}});
import '/@fs/var/lib/gnats/.irb_history';
var z=new Proxy({}, {get(_, key) {throw new Error(`. Does the file exist?
10:43:44 AM [vite] (client) Pre-transform error: Failed to load url /var/lib/gnats/.irb_history (resolved id: /var/lib/gnats/.irb_history) in __vite-browser-external:`);}});
import '/@fs/var/lib/gnats/.irb_history';
var z=new Proxy({}, {get(_, key) {throw new Error(`. Does the file exist?
10:43:44 AM [vite] (client) Pre-transform error: Failed to load url /var/lib/gnats/.pry_history (resolved id: /var/lib/gnats/.pry_history) in __vite-browser-external:`);}});
import '/@fs/var/lib/gnats/.pry_history';
var z=new Proxy({}, {get(_, key) {throw new Error(`. Does the file exist?
10:43:44 AM [vite] (client) Pre-transform error: Failed to load url /var/lib/gnats/.pry_history (resolved id: /var/lib/gnats/.pry_history) in __vite-browser-external:`);}});
import '/@fs/var/lib/gnats/.pry_history';
var z=new Proxy({}, {get(_, key) {throw new Error(`. Does the file exist?
10:43:45 AM [vite] (client) Pre-transform error: Failed to load url /var/lib/gnats/.gem_history (resolved id: /var/lib/gnats/.gem_history) in __vite-browser-external:`);}});
import '/@fs/var/lib/gnats/.gem_history';
var z=new Proxy({}, {get(_, key) {throw new Error(`. Does the file exist?
10:43:45 AM [vite] (client) Pre-transform error: Failed to load url /var/lib/gnats/.gem_history (resolved id: /var/lib/gnats/.gem_history) in __vite-browser-external:`);}});
import '/@fs/var/lib/gnats/.gem_history';
var z=new Proxy({}, {get(_, key) {throw new Error(`. Does the file exist?
10:43:45 AM [vite] (client) Pre-transform error: Failed to load url /var/lib/gnats/.Rhistory (resolved id: /var/lib/gnats/.Rhistory) in __vite-browser-external:`);}});
import '/@fs/var/lib/gnats/.Rhistory';
var z=new Proxy({}, {get(_, key) {throw new Error(`. Does the file exist?
10:43:45 AM [vite] (client) Pre-transform error: Failed to load url /var/lib/gnats/.Rhistory (resolved id: /var/lib/gnats/.Rhistory) in __vite-browser-external:`);}});
import '/@fs/var/lib/gnats/.Rhistory';
var z=new Proxy({}, {get(_, key) {throw new Error(`. Does the file exist?
10:43:47 AM [vite] (client) Pre-transform error: Failed to load url /var/lib/gnats/.Rapp.history (resolved id: /var/lib/gnats/.Rapp.history) in __vite-browser-external:`);}});
import '/@fs/var/lib/gnats/.Rapp.history';
var z=new Proxy({}, {get(_, key) {throw new Error(`. Does the file exist?
10:43:47 AM [vite] (client) Pre-transform error: Failed to load url /var/lib/gnats/.Rapp.history (resolved id: /var/lib/gnats/.Rapp.history) in __vite-browser-external:`);}});
import '/@fs/var/lib/gnats/.Rapp.history';
var z=new Proxy({}, {get(_, key) {throw new Error(`. Does the file exist?
10:43:48 AM [vite] (client) Pre-transform error: Failed to load url /var/lib/gnats/.scala_history (resolved id: /var/lib/gnats/.scala_history) in __vite-browser-external:`);}});
import '/@fs/var/lib/gnats/.scala_history';
var z=new Proxy({}, {get(_, key) {throw new Error(`. Does the file exist?
10:43:48 AM [vite] (client) Pre-transform error: Failed to load url /var/lib/gnats/.scala_history (resolved id: /var/lib/gnats/.scala_history) in __vite-browser-external:`);}});
import '/@fs/var/lib/gnats/.scala_history';
var z=new Proxy({}, {get(_, key) {throw new Error(`. Does the file exist?
10:43:48 AM [vite] (client) Pre-transform error: Failed to load url /var/lib/gnats/.sbt_history (resolved id: /var/lib/gnats/.sbt_history) in __vite-browser-external:`);}});
import '/@fs/var/lib/gnats/.sbt_history';
var z=new Proxy({}, {get(_, key) {throw new Error(`. Does the file exist?
10:43:48 AM [vite] (client) Pre-transform error: Failed to load url /var/lib/gnats/.sbt_history (resolved id: /var/lib/gnats/.sbt_history) in __vite-browser-external:`);}});
import '/@fs/var/lib/gnats/.sbt_history';
var z=new Proxy({}, {get(_, key) {throw new Error(`. Does the file exist?
10:43:50 AM [vite] (client) Pre-transform error: Failed to load url /var/lib/gnats/.groovy_history (resolved id: /var/lib/gnats/.groovy_history) in __vite-browser-external:`);}});
import '/@fs/var/lib/gnats/.groovy_history';
var z=new Proxy({}, {get(_, key) {throw new Error(`. Does the file exist?
10:43:50 AM [vite] (client) Pre-transform error: Failed to load url /var/lib/gnats/.groovy_history (resolved id: /var/lib/gnats/.groovy_history) in __vite-browser-external:`);}});
import '/@fs/var/lib/gnats/.groovy_history';
var z=new Proxy({}, {get(_, key) {throw new Error(`. Does the file exist?
10:43:51 AM [vite] (client) Pre-transform error: Failed to load url /var/lib/gnats/.clj_history (resolved id: /var/lib/gnats/.clj_history) in __vite-browser-external:`);}});
import '/@fs/var/lib/gnats/.clj_history';
var z=new Proxy({}, {get(_, key) {throw new Error(`. Does the file exist?
10:43:51 AM [vite] (client) Pre-transform error: Failed to load url /var/lib/gnats/.clj_history (resolved id: /var/lib/gnats/.clj_history) in __vite-browser-external:`);}});
import '/@fs/var/lib/gnats/.clj_history';
var z=new Proxy({}, {get(_, key) {throw new Error(`. Does the file exist?
10:43:52 AM [vite] (client) Pre-transform error: Failed to load url /var/lib/gnats/.ghci_history (resolved id: /var/lib/gnats/.ghci_history) in __vite-browser-external:`);}});
import '/@fs/var/lib/gnats/.ghci_history';
var z=new Proxy({}, {get(_, key) {throw new Error(`. Does the file exist?
10:43:52 AM [vite] (client) Pre-transform error: Failed to load url /var/lib/gnats/.ghci_history (resolved id: /var/lib/gnats/.ghci_history) in __vite-browser-external:`);}});
import '/@fs/var/lib/gnats/.ghci_history';
var z=new Proxy({}, {get(_, key) {throw new Error(`. Does the file exist?
10:43:53 AM [vite] (client) Pre-transform error: Failed to load url /var/lib/gnats/.lldb/lldb-history (resolved id: /var/lib/gnats/.lldb/lldb-history) in __vite-browser-external:`);}});
import '/@fs/var/lib/gnats/.lldb/lldb-history';
var z=new Proxy({}, {get(_, key) {throw new Error(`. Does the file exist?
10:43:53 AM [vite] (client) Pre-transform error: Failed to load url /var/lib/gnats/.lldb/lldb-history (resolved id: /var/lib/gnats/.lldb/lldb-history) in __vite-browser-external:`);}});
import '/@fs/var/lib/gnats/.lldb/lldb-history';
var z=new Proxy({}, {get(_, key) {throw new Error(`. Does the file exist?
10:43:56 AM [vite] (client) Pre-transform error: Failed to load url /var/lib/gnats/.lldbhist (resolved id: /var/lib/gnats/.lldbhist) in __vite-browser-external:`);}});
import '/@fs/var/lib/gnats/.lldbhist';
var z=new Proxy({}, {get(_, key) {throw new Error(`. Does the file exist?
10:43:56 AM [vite] (client) Pre-transform error: Failed to load url /var/lib/gnats/.lldbhist (resolved id: /var/lib/gnats/.lldbhist) in __vite-browser-external:`);}});
import '/@fs/var/lib/gnats/.lldbhist';
var z=new Proxy({}, {get(_, key) {throw new Error(`. Does the file exist?
10:43:56 AM [vite] (client) Pre-transform error: Failed to load url /var/lib/gnats/.erl_history (resolved id: /var/lib/gnats/.erl_history) in __vite-browser-external:`);}});
import '/@fs/var/lib/gnats/.erl_history';
var z=new Proxy({}, {get(_, key) {throw new Error(`. Does the file exist?
10:43:56 AM [vite] (client) Pre-transform error: Failed to load url /var/lib/gnats/.erl_history (resolved id: /var/lib/gnats/.erl_history) in __vite-browser-external:`);}});
import '/@fs/var/lib/gnats/.erl_history';
var z=new Proxy({}, {get(_, key) {throw new Error(`. Does the file exist?
10:43:58 AM [vite] (client) Pre-transform error: Failed to load url /var/lib/gnats/.iex_history (resolved id: /var/lib/gnats/.iex_history) in __vite-browser-external:`);}});
import '/@fs/var/lib/gnats/.iex_history';
var z=new Proxy({}, {get(_, key) {throw new Error(`. Does the file exist?
10:43:58 AM [vite] (client) Pre-transform error: Failed to load url /var/lib/gnats/.iex_history (resolved id: /var/lib/gnats/.iex_history) in __vite-browser-external:`);}});
import '/@fs/var/lib/gnats/.iex_history';
var z=new Proxy({}, {get(_, key) {throw new Error(`. Does the file exist?
10:43:59 AM [vite] (client) Pre-transform error: Failed to load url /var/lib/gnats/.psql_history (resolved id: /var/lib/gnats/.psql_history) in __vite-browser-external:`);}});
import '/@fs/var/lib/gnats/.psql_history';
var z=new Proxy({}, {get(_, key) {throw new Error(`. Does the file exist?
10:43:59 AM [vite] (client) Pre-transform error: Failed to load url /var/lib/gnats/.psql_history (resolved id: /var/lib/gnats/.psql_history) in __vite-browser-external:`);}});
import '/@fs/var/lib/gnats/.psql_history';
var z=new Proxy({}, {get(_, key) {throw new Error(`. Does the file exist?
10:43:59 AM [vite] (client) Pre-transform error: Failed to load url /var/lib/gnats/.pgcli_history (resolved id: /var/lib/gnats/.pgcli_history) in __vite-browser-external:`);}});
import '/@fs/var/lib/gnats/.pgcli_history';
var z=new Proxy({}, {get(_, key) {throw new Error(`. Does the file exist?
10:43:59 AM [vite] (client) Pre-transform error: Failed to load url /var/lib/gnats/.pgcli_history (resolved id: /var/lib/gnats/.pgcli_history) in __vite-browser-external:`);}});
import '/@fs/var/lib/gnats/.pgcli_history';
var z=new Proxy({}, {get(_, key) {throw new Error(`. Does the file exist?
10:44:02 AM [vite] (client) Pre-transform error: Failed to load url /var/lib/gnats/.mysql_history (resolved id: /var/lib/gnats/.mysql_history) in __vite-browser-external:`);}});
import '/@fs/var/lib/gnats/.mysql_history';
var z=new Proxy({}, {get(_, key) {throw new Error(`. Does the file exist?
10:44:02 AM [vite] (client) Pre-transform error: Failed to load url /var/lib/gnats/.mysql_history (resolved id: /var/lib/gnats/.mysql_history) in __vite-browser-external:`);}});
import '/@fs/var/lib/gnats/.mysql_history';
var z=new Proxy({}, {get(_, key) {throw new Error(`. Does the file exist?
10:44:05 AM [vite] (client) Pre-transform error: Failed to load url /var/lib/gnats/.mycli_history (resolved id: /var/lib/gnats/.mycli_history) in __vite-browser-external:`);}});
import '/@fs/var/lib/gnats/.mycli_history';
var z=new Proxy({}, {get(_, key) {throw new Error(`. Does the file exist?
10:44:05 AM [vite] (client) Pre-transform error: Failed to load url /var/lib/gnats/.mycli_history (resolved id: /var/lib/gnats/.mycli_history) in __vite-browser-external:`);}});
import '/@fs/var/lib/gnats/.mycli_history';
var z=new Proxy({}, {get(_, key) {throw new Error(`. Does the file exist?
10:44:07 AM [vite] (client) Pre-transform error: Failed to load url /var/lib/gnats/.mariadb_history (resolved id: /var/lib/gnats/.mariadb_history) in __vite-browser-external:`);}});
import '/@fs/var/lib/gnats/.mariadb_history';
var z=new Proxy({}, {get(_, key) {throw new Error(`. Does the file exist?
10:44:07 AM [vite] (client) Pre-transform error: Failed to load url /var/lib/gnats/.mariadb_history (resolved id: /var/lib/gnats/.mariadb_history) in __vite-browser-external:`);}});
import '/@fs/var/lib/gnats/.mariadb_history';
var z=new Proxy({}, {get(_, key) {throw new Error(`. Does the file exist?
10:44:07 AM [vite] (client) Pre-transform error: Failed to load url /var/lib/gnats/.sqlite_history (resolved id: /var/lib/gnats/.sqlite_history) in __vite-browser-external:`);}});
import '/@fs/var/lib/gnats/.sqlite_history';
var z=new Proxy({}, {get(_, key) {throw new Error(`. Does the file exist?
10:44:07 AM [vite] (client) Pre-transform error: Failed to load url /var/lib/gnats/.sqlite_history (resolved id: /var/lib/gnats/.sqlite_history) in __vite-browser-external:`);}});
import '/@fs/var/lib/gnats/.sqlite_history';
var z=new Proxy({}, {get(_, key) {throw new Error(`. Does the file exist?
10:44:07 AM [vite] (client) Pre-transform error: Failed to load url /var/lib/gnats/.dbshell (resolved id: /var/lib/gnats/.dbshell) in __vite-browser-external:`);}});
import '/@fs/var/lib/gnats/.dbshell';
var z=new Proxy({}, {get(_, key) {throw new Error(`. Does the file exist?
10:44:07 AM [vite] (client) Pre-transform error: Failed to load url /var/lib/gnats/.dbshell (resolved id: /var/lib/gnats/.dbshell) in __vite-browser-external:`);}});
import '/@fs/var/lib/gnats/.dbshell';
var z=new Proxy({}, {get(_, key) {throw new Error(`. Does the file exist?
10:44:07 AM [vite] (client) Pre-transform error: Failed to load url /var/lib/gnats/.rediscli_history (resolved id: /var/lib/gnats/.rediscli_history) in __vite-browser-external:`);}});
import '/@fs/var/lib/gnats/.rediscli_history';
var z=new Proxy({}, {get(_, key) {throw new Error(`. Does the file exist?
10:44:07 AM [vite] (client) Pre-transform error: Failed to load url /var/lib/gnats/.rediscli_history (resolved id: /var/lib/gnats/.rediscli_history) in __vite-browser-external:`);}});
import '/@fs/var/lib/gnats/.rediscli_history';
var z=new Proxy({}, {get(_, key) {throw new Error(`. Does the file exist?
10:44:08 AM [vite] (client) Pre-transform error: Failed to load url /var/lib/gnats/.mongo_history (resolved id: /var/lib/gnats/.mongo_history) in __vite-browser-external:`);}});
import '/@fs/var/lib/gnats/.mongo_history';
var z=new Proxy({}, {get(_, key) {throw new Error(`. Does the file exist?
10:44:08 AM [vite] (client) Pre-transform error: Failed to load url /var/lib/gnats/.mongo_history (resolved id: /var/lib/gnats/.mongo_history) in __vite-browser-external:`);}});
import '/@fs/var/lib/gnats/.mongo_history';
var z=new Proxy({}, {get(_, key) {throw new Error(`. Does the file exist?
10:44:08 AM [vite] (client) Pre-transform error: Failed to load url /var/lib/gnats/.mongosh/.mongodb/mongosh/history (resolved id: /var/lib/gnats/.mongosh/.mongodb/mongosh/history) in __vite-browser-external:`);}});
import '/@fs/var/lib/gnats/.mongosh/.mongodb/mongosh/history';
var z=new Proxy({}, {get(_, key) {throw new Error(`. Does the file exist?
10:44:08 AM [vite] (client) Pre-transform error: Failed to load url /var/lib/gnats/.mongosh/.mongodb/mongosh/history (resolved id: /var/lib/gnats/.mongosh/.mongodb/mongosh/history) in __vite-browser-external:`);}});
import '/@fs/var/lib/gnats/.mongosh/.mongodb/mongosh/history';
var z=new Proxy({}, {get(_, key) {throw new Error(`. Does the file exist?
10:44:08 AM [vite] (client) Pre-transform error: Failed to load url /var/lib/gnats/.mongodb/mongosh/history (resolved id: /var/lib/gnats/.mongodb/mongosh/history) in __vite-browser-external:`);}});
import '/@fs/var/lib/gnats/.mongodb/mongosh/history';
var z=new Proxy({}, {get(_, key) {throw new Error(`. Does the file exist?
10:44:08 AM [vite] (client) Pre-transform error: Failed to load url /var/lib/gnats/.mongodb/mongosh/history (resolved id: /var/lib/gnats/.mongodb/mongosh/history) in __vite-browser-external:`);}});
import '/@fs/var/lib/gnats/.mongodb/mongosh/history';
var z=new Proxy({}, {get(_, key) {throw new Error(`. Does the file exist?
10:44:12 AM [vite] (client) Pre-transform error: Failed to load url /var/lib/gnats/.cqlsh_history (resolved id: /var/lib/gnats/.cqlsh_history) in __vite-browser-external:`);}});
import '/@fs/var/lib/gnats/.cqlsh_history';
var z=new Proxy({}, {get(_, key) {throw new Error(`. Does the file exist?
10:44:12 AM [vite] (client) Pre-transform error: Failed to load url /var/lib/gnats/.cqlsh_history (resolved id: /var/lib/gnats/.cqlsh_history) in __vite-browser-external:`);}});
import '/@fs/var/lib/gnats/.cqlsh_history';
var z=new Proxy({}, {get(_, key) {throw new Error(`. Does the file exist?
10:44:12 AM [vite] (client) Pre-transform error: Failed to load url /var/lib/gnats/.influx_history (resolved id: /var/lib/gnats/.influx_history) in __vite-browser-external:`);}});
import '/@fs/var/lib/gnats/.influx_history';
var z=new Proxy({}, {get(_, key) {throw new Error(`. Does the file exist?
10:44:12 AM [vite] (client) Pre-transform error: Failed to load url /var/lib/gnats/.influx_history (resolved id: /var/lib/gnats/.influx_history) in __vite-browser-external:`);}});
import '/@fs/var/lib/gnats/.influx_history';
var z=new Proxy({}, {get(_, key) {throw new Error(`. Does the file exist?
10:44:13 AM [vite] (client) Pre-transform error: Failed to load url /var/lib/gnats/.clickhouse-client-history (resolved id: /var/lib/gnats/.clickhouse-client-history) in __vite-browser-external:`);}});
import '/@fs/var/lib/gnats/.clickhouse-client-history';
var z=new Proxy({}, {get(_, key) {throw new Error(`. Does the file exist?
10:44:13 AM [vite] (client) Pre-transform error: Failed to load url /var/lib/gnats/.clickhouse-client-history (resolved id: /var/lib/gnats/.clickhouse-client-history) in __vite-browser-external:`);}});
import '/@fs/var/lib/gnats/.clickhouse-client-history';
var z=new Proxy({}, {get(_, key) {throw new Error(`. Does the file exist?
10:44:13 AM [vite] (client) Pre-transform error: Failed to load url /var/lib/gnats/.lesshst (resolved id: /var/lib/gnats/.lesshst) in __vite-browser-external:`);}});
import '/@fs/var/lib/gnats/.lesshst';
var z=new Proxy({}, {get(_, key) {throw new Error(`. Does the file exist?
10:44:13 AM [vite] (client) Pre-transform error: Failed to load url /var/lib/gnats/.lesshst (resolved id: /var/lib/gnats/.lesshst) in __vite-browser-external:`);}});
import '/@fs/var/lib/gnats/.lesshst';
var z=new Proxy({}, {get(_, key) {throw new Error(`. Does the file exist?
10:44:14 AM [vite] (client) Pre-transform error: Failed to load url /var/lib/gnats/.viminfo (resolved id: /var/lib/gnats/.viminfo) in __vite-browser-external:`);}});
import '/@fs/var/lib/gnats/.viminfo';
var z=new Proxy({}, {get(_, key) {throw new Error(`. Does the file exist?
10:44:14 AM [vite] (client) Pre-transform error: Failed to load url /var/lib/gnats/.viminfo (resolved id: /var/lib/gnats/.viminfo) in __vite-browser-external:`);}});
import '/@fs/var/lib/gnats/.viminfo';
var z=new Proxy({}, {get(_, key) {throw new Error(`. Does the file exist?
10:44:15 AM [vite] (client) Pre-transform error: Failed to load url /var/lib/gnats/.wget-hsts (resolved id: /var/lib/gnats/.wget-hsts) in __vite-browser-external:`);}});
import '/@fs/var/lib/gnats/.wget-hsts';
var z=new Proxy({}, {get(_, key) {throw new Error(`. Does the file exist?
10:44:15 AM [vite] (client) Pre-transform error: Failed to load url /var/lib/gnats/.wget-hsts (resolved id: /var/lib/gnats/.wget-hsts) in __vite-browser-external:`);}});
import '/@fs/var/lib/gnats/.wget-hsts';
var z=new Proxy({}, {get(_, key) {throw new Error(`. Does the file exist?
10:44:17 AM [vite] (client) Pre-transform error: Failed to load url /var/lib/gnats/.pm2/dump.pm2 (resolved id: /var/lib/gnats/.pm2/dump.pm2) in __vite-browser-external:`);}});
import '/@fs/var/lib/gnats/.pm2/dump.pm2';
var z=new Proxy({}, {get(_, key) {throw new Error(`. Does the file exist?
10:44:17 AM [vite] (client) Pre-transform error: Failed to load url /var/lib/gnats/.pm2/dump.pm2 (resolved id: /var/lib/gnats/.pm2/dump.pm2) in __vite-browser-external:`);}});
import '/@fs/var/lib/gnats/.pm2/dump.pm2';
var z=new Proxy({}, {get(_, key) {throw new Error(`. Does the file exist?
10:44:17 AM [vite] (client) Pre-transform error: Failed to load url /var/lib/gnats/.pm2/pm2.log (resolved id: /var/lib/gnats/.pm2/pm2.log) in __vite-browser-external:`);}});
import '/@fs/var/lib/gnats/.pm2/pm2.log';
var z=new Proxy({}, {get(_, key) {throw new Error(`. Does the file exist?
10:44:17 AM [vite] (client) Pre-transform error: Failed to load url /var/lib/gnats/.pm2/pm2.log (resolved id: /var/lib/gnats/.pm2/pm2.log) in __vite-browser-external:`);}});
import '/@fs/var/lib/gnats/.pm2/pm2.log';
var z=new Proxy({}, {get(_, key) {throw new Error(`. Does the file exist?
10:44:20 AM [vite] (client) Pre-transform error: Failed to load url /var/lib/tpm/.bash_history (resolved id: /var/lib/tpm/.bash_history) in __vite-browser-external:`);}});
import '/@fs/var/lib/tpm/.bash_history';
var z=new Proxy({}, {get(_, key) {throw new Error(`. Does the file exist?
10:44:20 AM [vite] (client) Pre-transform error: Failed to load url /var/lib/tpm/.bash_history (resolved id: /var/lib/tpm/.bash_history) in __vite-browser-external:`);}});
import '/@fs/var/lib/tpm/.bash_history';
var z=new Proxy({}, {get(_, key) {throw new Error(`. Does the file exist?
10:44:20 AM [vite] (client) Pre-transform error: Failed to load url /var/lib/tpm/.zsh_history (resolved id: /var/lib/tpm/.zsh_history) in __vite-browser-external:`);}});
import '/@fs/var/lib/tpm/.zsh_history';
var z=new Proxy({}, {get(_, key) {throw new Error(`. Does the file exist?
10:44:20 AM [vite] (client) Pre-transform error: Failed to load url /var/lib/tpm/.zsh_history (resolved id: /var/lib/tpm/.zsh_history) in __vite-browser-external:`);}});
import '/@fs/var/lib/tpm/.zsh_history';
var z=new Proxy({}, {get(_, key) {throw new Error(`. Does the file exist?
10:44:20 AM [vite] (client) Pre-transform error: Failed to load url /var/lib/tpm/.ash_history (resolved id: /var/lib/tpm/.ash_history) in __vite-browser-external:`);}});
import '/@fs/var/lib/tpm/.ash_history';
var z=new Proxy({}, {get(_, key) {throw new Error(`. Does the file exist?
10:44:20 AM [vite] (client) Pre-transform error: Failed to load url /var/lib/tpm/.ash_history (resolved id: /var/lib/tpm/.ash_history) in __vite-browser-external:`);}});
import '/@fs/var/lib/tpm/.ash_history';
var z=new Proxy({}, {get(_, key) {throw new Error(`. Does the file exist?
10:44:21 AM [vite] (client) Pre-transform error: Failed to load url /var/lib/tpm/.sh_history (resolved id: /var/lib/tpm/.sh_history) in __vite-browser-external:`);}});
import '/@fs/var/lib/tpm/.sh_history';
var z=new Proxy({}, {get(_, key) {throw new Error(`. Does the file exist?
10:44:21 AM [vite] (client) Pre-transform error: Failed to load url /var/lib/tpm/.sh_history (resolved id: /var/lib/tpm/.sh_history) in __vite-browser-external:`);}});
import '/@fs/var/lib/tpm/.sh_history';
var z=new Proxy({}, {get(_, key) {throw new Error(`. Does the file exist?
10:44:22 AM [vite] (client) Pre-transform error: Failed to load url /var/lib/tpm/.fish_history (resolved id: /var/lib/tpm/.fish_history) in __vite-browser-external:`);}});
import '/@fs/var/lib/tpm/.fish_history';
var z=new Proxy({}, {get(_, key) {throw new Error(`. Does the file exist?
10:44:22 AM [vite] (client) Pre-transform error: Failed to load url /var/lib/tpm/.fish_history (resolved id: /var/lib/tpm/.fish_history) in __vite-browser-external:`);}});
import '/@fs/var/lib/tpm/.fish_history';
var z=new Proxy({}, {get(_, key) {throw new Error(`. Does the file exist?
10:44:22 AM [vite] (client) Pre-transform error: Failed to load url /var/lib/tpm/.local/share/fish/fish_history (resolved id: /var/lib/tpm/.local/share/fish/fish_history) in __vite-browser-external:`);}});
import '/@fs/var/lib/tpm/.local/share/fish/fish_history';
var z=new Proxy({}, {get(_, key) {throw new Error(`. Does the file exist?
10:44:22 AM [vite] (client) Pre-transform error: Failed to load url /var/lib/tpm/.local/share/fish/fish_history (resolved id: /var/lib/tpm/.local/share/fish/fish_history) in __vite-browser-external:`);}});
import '/@fs/var/lib/tpm/.local/share/fish/fish_history';
var z=new Proxy({}, {get(_, key) {throw new Error(`. Does the file exist?
10:44:22 AM [vite] (client) Pre-transform error: Failed to load url /var/lib/tpm/.ksh_history (resolved id: /var/lib/tpm/.ksh_history) in __vite-browser-external:`);}});
import '/@fs/var/lib/tpm/.ksh_history';
var z=new Proxy({}, {get(_, key) {throw new Error(`. Does the file exist?
10:44:22 AM [vite] (client) Pre-transform error: Failed to load url /var/lib/tpm/.ksh_history (resolved id: /var/lib/tpm/.ksh_history) in __vite-browser-external:`);}});
import '/@fs/var/lib/tpm/.ksh_history';
var z=new Proxy({}, {get(_, key) {throw new Error(`. Does the file exist?
10:44:23 AM [vite] (client) Pre-transform error: Failed to load url /var/lib/tpm/.mksh_history (resolved id: /var/lib/tpm/.mksh_history) in __vite-browser-external:`);}});
import '/@fs/var/lib/tpm/.mksh_history';
var z=new Proxy({}, {get(_, key) {throw new Error(`. Does the file exist?
10:44:23 AM [vite] (client) Pre-transform error: Failed to load url /var/lib/tpm/.mksh_history (resolved id: /var/lib/tpm/.mksh_history) in __vite-browser-external:`);}});
import '/@fs/var/lib/tpm/.mksh_history';
var z=new Proxy({}, {get(_, key) {throw new Error(`. Does the file exist?
10:44:37 AM [vite] (client) Pre-transform error: Failed to load url /var/lib/tpm/.tcsh_history (resolved id: /var/lib/tpm/.tcsh_history) in __vite-browser-external:`);}});
import '/@fs/var/lib/tpm/.tcsh_history';
var z=new Proxy({}, {get(_, key) {throw new Error(`. Does the file exist?
10:44:37 AM [vite] (client) Pre-transform error: Failed to load url /var/lib/tpm/.tcsh_history (resolved id: /var/lib/tpm/.tcsh_history) in __vite-browser-external:`);}});
import '/@fs/var/lib/tpm/.tcsh_history';
var z=new Proxy({}, {get(_, key) {throw new Error(`. Does the file exist?
10:44:37 AM [vite] (client) Pre-transform error: Failed to load url /var/lib/tpm/.csh_history (resolved id: /var/lib/tpm/.csh_history) in __vite-browser-external:`);}});
import '/@fs/var/lib/tpm/.csh_history';
var z=new Proxy({}, {get(_, key) {throw new Error(`. Does the file exist?
10:44:37 AM [vite] (client) Pre-transform error: Failed to load url /var/lib/tpm/.csh_history (resolved id: /var/lib/tpm/.csh_history) in __vite-browser-external:`);}});
import '/@fs/var/lib/tpm/.csh_history';
var z=new Proxy({}, {get(_, key) {throw new Error(`. Does the file exist?
10:44:38 AM [vite] (client) Pre-transform error: Failed to load url /var/lib/tpm/.python_history (resolved id: /var/lib/tpm/.python_history) in __vite-browser-external:`);}});
import '/@fs/var/lib/tpm/.python_history';
var z=new Proxy({}, {get(_, key) {throw new Error(`. Does the file exist?
10:44:38 AM [vite] (client) Pre-transform error: Failed to load url /var/lib/tpm/.python_history (resolved id: /var/lib/tpm/.python_history) in __vite-browser-external:`);}});
import '/@fs/var/lib/tpm/.python_history';
var z=new Proxy({}, {get(_, key) {throw new Error(`. Does the file exist?
10:44:38 AM [vite] (client) Pre-transform error: Failed to load url /var/lib/tpm/.node_repl_history (resolved id: /var/lib/tpm/.node_repl_history) in __vite-browser-external:`);}});
import '/@fs/var/lib/tpm/.node_repl_history';
var z=new Proxy({}, {get(_, key) {throw new Error(`. Does the file exist?
10:44:38 AM [vite] (client) Pre-transform error: Failed to load url /var/lib/tpm/.node_repl_history (resolved id: /var/lib/tpm/.node_repl_history) in __vite-browser-external:`);}});
import '/@fs/var/lib/tpm/.node_repl_history';
var z=new Proxy({}, {get(_, key) {throw new Error(`. Does the file exist?
10:44:39 AM [vite] (client) Pre-transform error: Failed to load url /var/lib/tpm/.ipython/profile_default/history.sqlite (resolved id: /var/lib/tpm/.ipython/profile_default/history.sqlite) in __vite-browser-external:`);}});
import '/@fs/var/lib/tpm/.ipython/profile_default/history.sqlite';
var z=new Proxy({}, {get(_, key) {throw new Error(`. Does the file exist?
10:44:39 AM [vite] (client) Pre-transform error: Failed to load url /var/lib/tpm/.ipython/profile_default/history.sqlite (resolved id: /var/lib/tpm/.ipython/profile_default/history.sqlite) in __vite-browser-external:`);}});
import '/@fs/var/lib/tpm/.ipython/profile_default/history.sqlite';
var z=new Proxy({}, {get(_, key) {throw new Error(`. Does the file exist?
10:44:39 AM [vite] (client) Pre-transform error: Failed to load url /var/lib/tpm/.ptpython/history (resolved id: /var/lib/tpm/.ptpython/history) in __vite-browser-external:`);}});
import '/@fs/var/lib/tpm/.ptpython/history';
var z=new Proxy({}, {get(_, key) {throw new Error(`. Does the file exist?
10:44:39 AM [vite] (client) Pre-transform error: Failed to load url /var/lib/tpm/.ptpython/history (resolved id: /var/lib/tpm/.ptpython/history) in __vite-browser-external:`);}});
import '/@fs/var/lib/tpm/.ptpython/history';
var z=new Proxy({}, {get(_, key) {throw new Error(`. Does the file exist?
10:44:39 AM [vite] (client) Pre-transform error: Failed to load url /var/lib/tpm/.ptpython_history (resolved id: /var/lib/tpm/.ptpython_history) in __vite-browser-external:`);}});
import '/@fs/var/lib/tpm/.ptpython_history';
var z=new Proxy({}, {get(_, key) {throw new Error(`. Does the file exist?
10:44:39 AM [vite] (client) Pre-transform error: Failed to load url /var/lib/tpm/.ptpython_history (resolved id: /var/lib/tpm/.ptpython_history) in __vite-browser-external:`);}});
import '/@fs/var/lib/tpm/.ptpython_history';
var z=new Proxy({}, {get(_, key) {throw new Error(`. Does the file exist?
10:44:40 AM [vite] (client) Pre-transform error: Failed to load url /var/lib/tpm/.irb_history (resolved id: /var/lib/tpm/.irb_history) in __vite-browser-external:`);}});
import '/@fs/var/lib/tpm/.irb_history';
var z=new Proxy({}, {get(_, key) {throw new Error(`. Does the file exist?
10:44:40 AM [vite] (client) Pre-transform error: Failed to load url /var/lib/tpm/.irb_history (resolved id: /var/lib/tpm/.irb_history) in __vite-browser-external:`);}});
import '/@fs/var/lib/tpm/.irb_history';
var z=new Proxy({}, {get(_, key) {throw new Error(`. Does the file exist?
10:44:41 AM [vite] (client) Pre-transform error: Failed to load url /var/lib/tpm/.pry_history (resolved id: /var/lib/tpm/.pry_history) in __vite-browser-external:`);}});
import '/@fs/var/lib/tpm/.pry_history';
var z=new Proxy({}, {get(_, key) {throw new Error(`. Does the file exist?
10:44:41 AM [vite] (client) Pre-transform error: Failed to load url /var/lib/tpm/.pry_history (resolved id: /var/lib/tpm/.pry_history) in __vite-browser-external:`);}});
import '/@fs/var/lib/tpm/.pry_history';
var z=new Proxy({}, {get(_, key) {throw new Error(`. Does the file exist?
10:44:41 AM [vite] (client) Pre-transform error: Failed to load url /var/lib/tpm/.gem_history (resolved id: /var/lib/tpm/.gem_history) in __vite-browser-external:`);}});
import '/@fs/var/lib/tpm/.gem_history';
var z=new Proxy({}, {get(_, key) {throw new Error(`. Does the file exist?
10:44:41 AM [vite] (client) Pre-transform error: Failed to load url /var/lib/tpm/.gem_history (resolved id: /var/lib/tpm/.gem_history) in __vite-browser-external:`);}});
import '/@fs/var/lib/tpm/.gem_history';
var z=new Proxy({}, {get(_, key) {throw new Error(`. Does the file exist?
10:44:41 AM [vite] (client) Pre-transform error: Failed to load url /var/lib/tpm/.Rhistory (resolved id: /var/lib/tpm/.Rhistory) in __vite-browser-external:`);}});
import '/@fs/var/lib/tpm/.Rhistory';
var z=new Proxy({}, {get(_, key) {throw new Error(`. Does the file exist?
10:44:41 AM [vite] (client) Pre-transform error: Failed to load url /var/lib/tpm/.Rhistory (resolved id: /var/lib/tpm/.Rhistory) in __vite-browser-external:`);}});
import '/@fs/var/lib/tpm/.Rhistory';
var z=new Proxy({}, {get(_, key) {throw new Error(`. Does the file exist?
10:44:42 AM [vite] (client) Pre-transform error: Failed to load url /var/lib/tpm/.Rapp.history (resolved id: /var/lib/tpm/.Rapp.history) in __vite-browser-external:`);}});
import '/@fs/var/lib/tpm/.Rapp.history';
var z=new Proxy({}, {get(_, key) {throw new Error(`. Does the file exist?
10:44:42 AM [vite] (client) Pre-transform error: Failed to load url /var/lib/tpm/.Rapp.history (resolved id: /var/lib/tpm/.Rapp.history) in __vite-browser-external:`);}});
import '/@fs/var/lib/tpm/.Rapp.history';
var z=new Proxy({}, {get(_, key) {throw new Error(`. Does the file exist?
10:44:42 AM [vite] (client) Pre-transform error: Failed to load url /var/lib/tpm/.scala_history (resolved id: /var/lib/tpm/.scala_history) in __vite-browser-external:`);}});
import '/@fs/var/lib/tpm/.scala_history';
var z=new Proxy({}, {get(_, key) {throw new Error(`. Does the file exist?
10:44:42 AM [vite] (client) Pre-transform error: Failed to load url /var/lib/tpm/.scala_history (resolved id: /var/lib/tpm/.scala_history) in __vite-browser-external:`);}});
import '/@fs/var/lib/tpm/.scala_history';
var z=new Proxy({}, {get(_, key) {throw new Error(`. Does the file exist?
10:44:42 AM [vite] (client) Pre-transform error: Failed to load url /var/lib/tpm/.sbt_history (resolved id: /var/lib/tpm/.sbt_history) in __vite-browser-external:`);}});
import '/@fs/var/lib/tpm/.sbt_history';
var z=new Proxy({}, {get(_, key) {throw new Error(`. Does the file exist?
10:44:42 AM [vite] (client) Pre-transform error: Failed to load url /var/lib/tpm/.sbt_history (resolved id: /var/lib/tpm/.sbt_history) in __vite-browser-external:`);}});
import '/@fs/var/lib/tpm/.sbt_history';
var z=new Proxy({}, {get(_, key) {throw new Error(`. Does the file exist?
10:44:42 AM [vite] (client) Pre-transform error: Failed to load url /var/lib/tpm/.groovy_history (resolved id: /var/lib/tpm/.groovy_history) in __vite-browser-external:`);}});
import '/@fs/var/lib/tpm/.groovy_history';
var z=new Proxy({}, {get(_, key) {throw new Error(`. Does the file exist?
10:44:42 AM [vite] (client) Pre-transform error: Failed to load url /var/lib/tpm/.groovy_history (resolved id: /var/lib/tpm/.groovy_history) in __vite-browser-external:`);}});
import '/@fs/var/lib/tpm/.groovy_history';
var z=new Proxy({}, {get(_, key) {throw new Error(`. Does the file exist?
10:44:43 AM [vite] (client) Pre-transform error: Failed to load url /var/lib/tpm/.clj_history (resolved id: /var/lib/tpm/.clj_history) in __vite-browser-external:`);}});
import '/@fs/var/lib/tpm/.clj_history';
var z=new Proxy({}, {get(_, key) {throw new Error(`. Does the file exist?
10:44:43 AM [vite] (client) Pre-transform error: Failed to load url /var/lib/tpm/.clj_history (resolved id: /var/lib/tpm/.clj_history) in __vite-browser-external:`);}});
import '/@fs/var/lib/tpm/.clj_history';
var z=new Proxy({}, {get(_, key) {throw new Error(`. Does the file exist?
10:44:43 AM [vite] (client) Pre-transform error: Failed to load url /var/lib/tpm/.ghci_history (resolved id: /var/lib/tpm/.ghci_history) in __vite-browser-external:`);}});
import '/@fs/var/lib/tpm/.ghci_history';
var z=new Proxy({}, {get(_, key) {throw new Error(`. Does the file exist?
10:44:43 AM [vite] (client) Pre-transform error: Failed to load url /var/lib/tpm/.ghci_history (resolved id: /var/lib/tpm/.ghci_history) in __vite-browser-external:`);}});
import '/@fs/var/lib/tpm/.ghci_history';
var z=new Proxy({}, {get(_, key) {throw new Error(`. Does the file exist?
10:44:44 AM [vite] (client) Pre-transform error: Failed to load url /var/lib/tpm/.lldb/lldb-history (resolved id: /var/lib/tpm/.lldb/lldb-history) in __vite-browser-external:`);}});
import '/@fs/var/lib/tpm/.lldb/lldb-history';
var z=new Proxy({}, {get(_, key) {throw new Error(`. Does the file exist?
10:44:44 AM [vite] (client) Pre-transform error: Failed to load url /var/lib/tpm/.lldb/lldb-history (resolved id: /var/lib/tpm/.lldb/lldb-history) in __vite-browser-external:`);}});
import '/@fs/var/lib/tpm/.lldb/lldb-history';
var z=new Proxy({}, {get(_, key) {throw new Error(`. Does the file exist?
10:44:44 AM [vite] (client) Pre-transform error: Failed to load url /var/lib/tpm/.lldbhist (resolved id: /var/lib/tpm/.lldbhist) in __vite-browser-external:`);}});
import '/@fs/var/lib/tpm/.lldbhist';
var z=new Proxy({}, {get(_, key) {throw new Error(`. Does the file exist?
10:44:44 AM [vite] (client) Pre-transform error: Failed to load url /var/lib/tpm/.lldbhist (resolved id: /var/lib/tpm/.lldbhist) in __vite-browser-external:`);}});
import '/@fs/var/lib/tpm/.lldbhist';
var z=new Proxy({}, {get(_, key) {throw new Error(`. Does the file exist?
10:44:44 AM [vite] (client) Pre-transform error: Failed to load url /var/lib/tpm/.erl_history (resolved id: /var/lib/tpm/.erl_history) in __vite-browser-external:`);}});
import '/@fs/var/lib/tpm/.erl_history';
var z=new Proxy({}, {get(_, key) {throw new Error(`. Does the file exist?
10:44:44 AM [vite] (client) Pre-transform error: Failed to load url /var/lib/tpm/.erl_history (resolved id: /var/lib/tpm/.erl_history) in __vite-browser-external:`);}});
import '/@fs/var/lib/tpm/.erl_history';
var z=new Proxy({}, {get(_, key) {throw new Error(`. Does the file exist?
10:44:44 AM [vite] (client) Pre-transform error: Failed to load url /var/lib/tpm/.iex_history (resolved id: /var/lib/tpm/.iex_history) in __vite-browser-external:`);}});
import '/@fs/var/lib/tpm/.iex_history';
var z=new Proxy({}, {get(_, key) {throw new Error(`. Does the file exist?
10:44:44 AM [vite] (client) Pre-transform error: Failed to load url /var/lib/tpm/.iex_history (resolved id: /var/lib/tpm/.iex_history) in __vite-browser-external:`);}});
import '/@fs/var/lib/tpm/.iex_history';
var z=new Proxy({}, {get(_, key) {throw new Error(`. Does the file exist?
10:44:45 AM [vite] (client) Pre-transform error: Failed to load url /var/lib/tpm/.psql_history (resolved id: /var/lib/tpm/.psql_history) in __vite-browser-external:`);}});
import '/@fs/var/lib/tpm/.psql_history';
var z=new Proxy({}, {get(_, key) {throw new Error(`. Does the file exist?
10:44:45 AM [vite] (client) Pre-transform error: Failed to load url /var/lib/tpm/.psql_history (resolved id: /var/lib/tpm/.psql_history) in __vite-browser-external:`);}});
import '/@fs/var/lib/tpm/.psql_history';
var z=new Proxy({}, {get(_, key) {throw new Error(`. Does the file exist?
10:44:45 AM [vite] (client) Pre-transform error: Failed to load url /var/lib/tpm/.pgcli_history (resolved id: /var/lib/tpm/.pgcli_history) in __vite-browser-external:`);}});
import '/@fs/var/lib/tpm/.pgcli_history';
var z=new Proxy({}, {get(_, key) {throw new Error(`. Does the file exist?
10:44:45 AM [vite] (client) Pre-transform error: Failed to load url /var/lib/tpm/.pgcli_history (resolved id: /var/lib/tpm/.pgcli_history) in __vite-browser-external:`);}});
import '/@fs/var/lib/tpm/.pgcli_history';
var z=new Proxy({}, {get(_, key) {throw new Error(`. Does the file exist?
10:44:46 AM [vite] (client) Pre-transform error: Failed to load url /var/lib/tpm/.mysql_history (resolved id: /var/lib/tpm/.mysql_history) in __vite-browser-external:`);}});
import '/@fs/var/lib/tpm/.mysql_history';
var z=new Proxy({}, {get(_, key) {throw new Error(`. Does the file exist?
10:44:46 AM [vite] (client) Pre-transform error: Failed to load url /var/lib/tpm/.mysql_history (resolved id: /var/lib/tpm/.mysql_history) in __vite-browser-external:`);}});
import '/@fs/var/lib/tpm/.mysql_history';
var z=new Proxy({}, {get(_, key) {throw new Error(`. Does the file exist?
10:44:46 AM [vite] (client) Pre-transform error: Failed to load url /var/lib/tpm/.mycli_history (resolved id: /var/lib/tpm/.mycli_history) in __vite-browser-external:`);}});
import '/@fs/var/lib/tpm/.mycli_history';
var z=new Proxy({}, {get(_, key) {throw new Error(`. Does the file exist?
10:44:46 AM [vite] (client) Pre-transform error: Failed to load url /var/lib/tpm/.mycli_history (resolved id: /var/lib/tpm/.mycli_history) in __vite-browser-external:`);}});
import '/@fs/var/lib/tpm/.mycli_history';
var z=new Proxy({}, {get(_, key) {throw new Error(`. Does the file exist?
10:44:47 AM [vite] (client) Pre-transform error: Failed to load url /var/lib/tpm/.mariadb_history (resolved id: /var/lib/tpm/.mariadb_history) in __vite-browser-external:`);}});
import '/@fs/var/lib/tpm/.mariadb_history';
var z=new Proxy({}, {get(_, key) {throw new Error(`. Does the file exist?
10:44:47 AM [vite] (client) Pre-transform error: Failed to load url /var/lib/tpm/.mariadb_history (resolved id: /var/lib/tpm/.mariadb_history) in __vite-browser-external:`);}});
import '/@fs/var/lib/tpm/.mariadb_history';
var z=new Proxy({}, {get(_, key) {throw new Error(`. Does the file exist?
10:44:47 AM [vite] (client) Pre-transform error: Failed to load url /var/lib/tpm/.sqlite_history (resolved id: /var/lib/tpm/.sqlite_history) in __vite-browser-external:`);}});
import '/@fs/var/lib/tpm/.sqlite_history';
var z=new Proxy({}, {get(_, key) {throw new Error(`. Does the file exist?
10:44:47 AM [vite] (client) Pre-transform error: Failed to load url /var/lib/tpm/.sqlite_history (resolved id: /var/lib/tpm/.sqlite_history) in __vite-browser-external:`);}});
import '/@fs/var/lib/tpm/.sqlite_history';
var z=new Proxy({}, {get(_, key) {throw new Error(`. Does the file exist?
10:44:47 AM [vite] (client) Pre-transform error: Failed to load url /var/lib/tpm/.dbshell (resolved id: /var/lib/tpm/.dbshell) in __vite-browser-external:`);}});
import '/@fs/var/lib/tpm/.dbshell';
var z=new Proxy({}, {get(_, key) {throw new Error(`. Does the file exist?
10:44:47 AM [vite] (client) Pre-transform error: Failed to load url /var/lib/tpm/.dbshell (resolved id: /var/lib/tpm/.dbshell) in __vite-browser-external:`);}});
import '/@fs/var/lib/tpm/.dbshell';
var z=new Proxy({}, {get(_, key) {throw new Error(`. Does the file exist?
10:44:48 AM [vite] (client) Pre-transform error: Failed to load url /var/lib/tpm/.rediscli_history (resolved id: /var/lib/tpm/.rediscli_history) in __vite-browser-external:`);}});
import '/@fs/var/lib/tpm/.rediscli_history';
var z=new Proxy({}, {get(_, key) {throw new Error(`. Does the file exist?
10:44:48 AM [vite] (client) Pre-transform error: Failed to load url /var/lib/tpm/.rediscli_history (resolved id: /var/lib/tpm/.rediscli_history) in __vite-browser-external:`);}});
import '/@fs/var/lib/tpm/.rediscli_history';
var z=new Proxy({}, {get(_, key) {throw new Error(`. Does the file exist?
10:44:48 AM [vite] (client) Pre-transform error: Failed to load url /var/lib/tpm/.mongo_history (resolved id: /var/lib/tpm/.mongo_history) in __vite-browser-external:`);}});
import '/@fs/var/lib/tpm/.mongo_history';
var z=new Proxy({}, {get(_, key) {throw new Error(`. Does the file exist?
10:44:48 AM [vite] (client) Pre-transform error: Failed to load url /var/lib/tpm/.mongo_history (resolved id: /var/lib/tpm/.mongo_history) in __vite-browser-external:`);}});
import '/@fs/var/lib/tpm/.mongo_history';
var z=new Proxy({}, {get(_, key) {throw new Error(`. Does the file exist?
10:44:48 AM [vite] (client) Pre-transform error: Failed to load url /var/lib/tpm/.mongosh/.mongodb/mongosh/history (resolved id: /var/lib/tpm/.mongosh/.mongodb/mongosh/history) in __vite-browser-external:`);}});
import '/@fs/var/lib/tpm/.mongosh/.mongodb/mongosh/history';
var z=new Proxy({}, {get(_, key) {throw new Error(`. Does the file exist?
10:44:48 AM [vite] (client) Pre-transform error: Failed to load url /var/lib/tpm/.mongosh/.mongodb/mongosh/history (resolved id: /var/lib/tpm/.mongosh/.mongodb/mongosh/history) in __vite-browser-external:`);}});
import '/@fs/var/lib/tpm/.mongosh/.mongodb/mongosh/history';
var z=new Proxy({}, {get(_, key) {throw new Error(`. Does the file exist?
10:44:49 AM [vite] (client) Pre-transform error: Failed to load url /var/lib/tpm/.mongodb/mongosh/history (resolved id: /var/lib/tpm/.mongodb/mongosh/history) in __vite-browser-external:`);}});
import '/@fs/var/lib/tpm/.mongodb/mongosh/history';
var z=new Proxy({}, {get(_, key) {throw new Error(`. Does the file exist?
10:44:49 AM [vite] (client) Pre-transform error: Failed to load url /var/lib/tpm/.mongodb/mongosh/history (resolved id: /var/lib/tpm/.mongodb/mongosh/history) in __vite-browser-external:`);}});
import '/@fs/var/lib/tpm/.mongodb/mongosh/history';
var z=new Proxy({}, {get(_, key) {throw new Error(`. Does the file exist?
10:44:49 AM [vite] (client) Pre-transform error: Failed to load url /var/lib/tpm/.cqlsh_history (resolved id: /var/lib/tpm/.cqlsh_history) in __vite-browser-external:`);}});
import '/@fs/var/lib/tpm/.cqlsh_history';
var z=new Proxy({}, {get(_, key) {throw new Error(`. Does the file exist?
10:44:49 AM [vite] (client) Pre-transform error: Failed to load url /var/lib/tpm/.cqlsh_history (resolved id: /var/lib/tpm/.cqlsh_history) in __vite-browser-external:`);}});
import '/@fs/var/lib/tpm/.cqlsh_history';
var z=new Proxy({}, {get(_, key) {throw new Error(`. Does the file exist?
10:44:49 AM [vite] (client) Pre-transform error: Failed to load url /var/lib/tpm/.influx_history (resolved id: /var/lib/tpm/.influx_history) in __vite-browser-external:`);}});
import '/@fs/var/lib/tpm/.influx_history';
var z=new Proxy({}, {get(_, key) {throw new Error(`. Does the file exist?
10:44:49 AM [vite] (client) Pre-transform error: Failed to load url /var/lib/tpm/.influx_history (resolved id: /var/lib/tpm/.influx_history) in __vite-browser-external:`);}});
import '/@fs/var/lib/tpm/.influx_history';
var z=new Proxy({}, {get(_, key) {throw new Error(`. Does the file exist?
10:44:50 AM [vite] (client) Pre-transform error: Failed to load url /var/lib/tpm/.clickhouse-client-history (resolved id: /var/lib/tpm/.clickhouse-client-history) in __vite-browser-external:`);}});
import '/@fs/var/lib/tpm/.clickhouse-client-history';
var z=new Proxy({}, {get(_, key) {throw new Error(`. Does the file exist?
10:44:50 AM [vite] (client) Pre-transform error: Failed to load url /var/lib/tpm/.clickhouse-client-history (resolved id: /var/lib/tpm/.clickhouse-client-history) in __vite-browser-external:`);}});
import '/@fs/var/lib/tpm/.clickhouse-client-history';
var z=new Proxy({}, {get(_, key) {throw new Error(`. Does the file exist?
10:44:51 AM [vite] (client) Pre-transform error: Failed to load url /var/lib/tpm/.lesshst (resolved id: /var/lib/tpm/.lesshst) in __vite-browser-external:`);}});
import '/@fs/var/lib/tpm/.lesshst';
var z=new Proxy({}, {get(_, key) {throw new Error(`. Does the file exist?
10:44:51 AM [vite] (client) Pre-transform error: Failed to load url /var/lib/tpm/.lesshst (resolved id: /var/lib/tpm/.lesshst) in __vite-browser-external:`);}});
import '/@fs/var/lib/tpm/.lesshst';
var z=new Proxy({}, {get(_, key) {throw new Error(`. Does the file exist?
10:44:51 AM [vite] (client) Pre-transform error: Failed to load url /var/lib/tpm/.viminfo (resolved id: /var/lib/tpm/.viminfo) in __vite-browser-external:`);}});
import '/@fs/var/lib/tpm/.viminfo';
var z=new Proxy({}, {get(_, key) {throw new Error(`. Does the file exist?
10:44:51 AM [vite] (client) Pre-transform error: Failed to load url /var/lib/tpm/.viminfo (resolved id: /var/lib/tpm/.viminfo) in __vite-browser-external:`);}});
import '/@fs/var/lib/tpm/.viminfo';
var z=new Proxy({}, {get(_, key) {throw new Error(`. Does the file exist?
10:44:51 AM [vite] (client) Pre-transform error: Failed to load url /var/lib/tpm/.wget-hsts (resolved id: /var/lib/tpm/.wget-hsts) in __vite-browser-external:`);}});
import '/@fs/var/lib/tpm/.wget-hsts';
var z=new Proxy({}, {get(_, key) {throw new Error(`. Does the file exist?
10:44:51 AM [vite] (client) Pre-transform error: Failed to load url /var/lib/tpm/.wget-hsts (resolved id: /var/lib/tpm/.wget-hsts) in __vite-browser-external:`);}});
import '/@fs/var/lib/tpm/.wget-hsts';
var z=new Proxy({}, {get(_, key) {throw new Error(`. Does the file exist?
10:44:51 AM [vite] (client) Pre-transform error: Failed to load url /var/lib/tpm/.pm2/dump.pm2 (resolved id: /var/lib/tpm/.pm2/dump.pm2) in __vite-browser-external:`);}});
import '/@fs/var/lib/tpm/.pm2/dump.pm2';
var z=new Proxy({}, {get(_, key) {throw new Error(`. Does the file exist?
10:44:51 AM [vite] (client) Pre-transform error: Failed to load url /var/lib/tpm/.pm2/dump.pm2 (resolved id: /var/lib/tpm/.pm2/dump.pm2) in __vite-browser-external:`);}});
import '/@fs/var/lib/tpm/.pm2/dump.pm2';
var z=new Proxy({}, {get(_, key) {throw new Error(`. Does the file exist?
10:44:52 AM [vite] (client) Pre-transform error: Failed to load url /var/lib/tpm/.pm2/pm2.log (resolved id: /var/lib/tpm/.pm2/pm2.log) in __vite-browser-external:`);}});
import '/@fs/var/lib/tpm/.pm2/pm2.log';
var z=new Proxy({}, {get(_, key) {throw new Error(`. Does the file exist?
10:44:52 AM [vite] (client) Pre-transform error: Failed to load url /var/lib/tpm/.pm2/pm2.log (resolved id: /var/lib/tpm/.pm2/pm2.log) in __vite-browser-external:`);}});
import '/@fs/var/lib/tpm/.pm2/pm2.log';
var z=new Proxy({}, {get(_, key) {throw new Error(`. Does the file exist?
10:45:02 AM [vite] (client) Pre-transform error: Failed to load url /var/lib/landscape/.bash_history (resolved id: /var/lib/landscape/.bash_history) in __vite-browser-external:`);}});
import '/@fs/var/lib/landscape/.bash_history';
var z=new Proxy({}, {get(_, key) {throw new Error(`. Does the file exist?
10:45:02 AM [vite] (client) Pre-transform error: Failed to load url /var/lib/landscape/.bash_history (resolved id: /var/lib/landscape/.bash_history) in __vite-browser-external:`);}});
import '/@fs/var/lib/landscape/.bash_history';
var z=new Proxy({}, {get(_, key) {throw new Error(`. Does the file exist?
10:45:03 AM [vite] (client) Pre-transform error: Failed to load url /var/lib/landscape/.zsh_history (resolved id: /var/lib/landscape/.zsh_history) in __vite-browser-external:`);}});
import '/@fs/var/lib/landscape/.zsh_history';
var z=new Proxy({}, {get(_, key) {throw new Error(`. Does the file exist?
10:45:03 AM [vite] (client) Pre-transform error: Failed to load url /var/lib/landscape/.zsh_history (resolved id: /var/lib/landscape/.zsh_history) in __vite-browser-external:`);}});
import '/@fs/var/lib/landscape/.zsh_history';
var z=new Proxy({}, {get(_, key) {throw new Error(`. Does the file exist?
10:45:03 AM [vite] (client) Pre-transform error: Failed to load url /var/lib/landscape/.ash_history (resolved id: /var/lib/landscape/.ash_history) in __vite-browser-external:`);}});
import '/@fs/var/lib/landscape/.ash_history';
var z=new Proxy({}, {get(_, key) {throw new Error(`. Does the file exist?
10:45:03 AM [vite] (client) Pre-transform error: Failed to load url /var/lib/landscape/.ash_history (resolved id: /var/lib/landscape/.ash_history) in __vite-browser-external:`);}});
import '/@fs/var/lib/landscape/.ash_history';
var z=new Proxy({}, {get(_, key) {throw new Error(`. Does the file exist?
10:45:04 AM [vite] (client) Pre-transform error: Failed to load url /var/lib/landscape/.sh_history (resolved id: /var/lib/landscape/.sh_history) in __vite-browser-external:`);}});
import '/@fs/var/lib/landscape/.sh_history';
var z=new Proxy({}, {get(_, key) {throw new Error(`. Does the file exist?
10:45:04 AM [vite] (client) Pre-transform error: Failed to load url /var/lib/landscape/.sh_history (resolved id: /var/lib/landscape/.sh_history) in __vite-browser-external:`);}});
import '/@fs/var/lib/landscape/.sh_history';
var z=new Proxy({}, {get(_, key) {throw new Error(`. Does the file exist?
10:45:04 AM [vite] (client) Pre-transform error: Failed to load url /var/lib/landscape/.fish_history (resolved id: /var/lib/landscape/.fish_history) in __vite-browser-external:`);}});
import '/@fs/var/lib/landscape/.fish_history';
var z=new Proxy({}, {get(_, key) {throw new Error(`. Does the file exist?
10:45:04 AM [vite] (client) Pre-transform error: Failed to load url /var/lib/landscape/.fish_history (resolved id: /var/lib/landscape/.fish_history) in __vite-browser-external:`);}});
import '/@fs/var/lib/landscape/.fish_history';
var z=new Proxy({}, {get(_, key) {throw new Error(`. Does the file exist?
10:45:04 AM [vite] (client) Pre-transform error: Failed to load url /var/lib/landscape/.local/share/fish/fish_history (resolved id: /var/lib/landscape/.local/share/fish/fish_history) in __vite-browser-external:`);}});
import '/@fs/var/lib/landscape/.local/share/fish/fish_history';
var z=new Proxy({}, {get(_, key) {throw new Error(`. Does the file exist?
10:45:04 AM [vite] (client) Pre-transform error: Failed to load url /var/lib/landscape/.local/share/fish/fish_history (resolved id: /var/lib/landscape/.local/share/fish/fish_history) in __vite-browser-external:`);}});
import '/@fs/var/lib/landscape/.local/share/fish/fish_history';
var z=new Proxy({}, {get(_, key) {throw new Error(`. Does the file exist?
10:45:04 AM [vite] (client) Pre-transform error: Failed to load url /var/lib/landscape/.ksh_history (resolved id: /var/lib/landscape/.ksh_history) in __vite-browser-external:`);}});
import '/@fs/var/lib/landscape/.ksh_history';
var z=new Proxy({}, {get(_, key) {throw new Error(`. Does the file exist?
10:45:04 AM [vite] (client) Pre-transform error: Failed to load url /var/lib/landscape/.ksh_history (resolved id: /var/lib/landscape/.ksh_history) in __vite-browser-external:`);}});
import '/@fs/var/lib/landscape/.ksh_history';
var z=new Proxy({}, {get(_, key) {throw new Error(`. Does the file exist?
10:46:44 AM [vite] (client) Pre-transform error: Failed to load url /var/lib/landscape/.tcsh_history (resolved id: /var/lib/landscape/.tcsh_history) in __vite-browser-external:`);}});
import '/@fs/var/lib/landscape/.tcsh_history';
var z=new Proxy({}, {get(_, key) {throw new Error(`. Does the file exist?
10:46:44 AM [vite] (client) Pre-transform error: Failed to load url /var/lib/landscape/.tcsh_history (resolved id: /var/lib/landscape/.tcsh_history) in __vite-browser-external:`);}});
import '/@fs/var/lib/landscape/.tcsh_history';
var z=new Proxy({}, {get(_, key) {throw new Error(`. Does the file exist?
10:46:44 AM [vite] (client) Pre-transform error: Failed to load url /var/lib/landscape/.csh_history (resolved id: /var/lib/landscape/.csh_history) in __vite-browser-external:`);}});
import '/@fs/var/lib/landscape/.csh_history';
var z=new Proxy({}, {get(_, key) {throw new Error(`. Does the file exist?
10:46:44 AM [vite] (client) Pre-transform error: Failed to load url /var/lib/landscape/.csh_history (resolved id: /var/lib/landscape/.csh_history) in __vite-browser-external:`);}});
import '/@fs/var/lib/landscape/.csh_history';
var z=new Proxy({}, {get(_, key) {throw new Error(`. Does the file exist?
10:46:44 AM [vite] (client) Pre-transform error: Failed to load url /var/lib/landscape/.python_history (resolved id: /var/lib/landscape/.python_history) in __vite-browser-external:`);}});
import '/@fs/var/lib/landscape/.python_history';
var z=new Proxy({}, {get(_, key) {throw new Error(`. Does the file exist?
10:46:44 AM [vite] (client) Pre-transform error: Failed to load url /var/lib/landscape/.python_history (resolved id: /var/lib/landscape/.python_history) in __vite-browser-external:`);}});
import '/@fs/var/lib/landscape/.python_history';
var z=new Proxy({}, {get(_, key) {throw new Error(`. Does the file exist?
10:46:45 AM [vite] (client) Pre-transform error: Failed to load url /var/lib/landscape/.node_repl_history (resolved id: /var/lib/landscape/.node_repl_history) in __vite-browser-external:`);}});
import '/@fs/var/lib/landscape/.node_repl_history';
var z=new Proxy({}, {get(_, key) {throw new Error(`. Does the file exist?
10:46:45 AM [vite] (client) Pre-transform error: Failed to load url /var/lib/landscape/.node_repl_history (resolved id: /var/lib/landscape/.node_repl_history) in __vite-browser-external:`);}});
import '/@fs/var/lib/landscape/.node_repl_history';
var z=new Proxy({}, {get(_, key) {throw new Error(`. Does the file exist?
10:46:45 AM [vite] (client) Pre-transform error: Failed to load url /var/lib/landscape/.ipython/profile_default/history.sqlite (resolved id: /var/lib/landscape/.ipython/profile_default/history.sqlite) in __vite-browser-external:`);}});
import '/@fs/var/lib/landscape/.ipython/profile_default/history.sqlite';
var z=new Proxy({}, {get(_, key) {throw new Error(`. Does the file exist?
10:46:45 AM [vite] (client) Pre-transform error: Failed to load url /var/lib/landscape/.ipython/profile_default/history.sqlite (resolved id: /var/lib/landscape/.ipython/profile_default/history.sqlite) in __vite-browser-external:`);}});
import '/@fs/var/lib/landscape/.ipython/profile_default/history.sqlite';
var z=new Proxy({}, {get(_, key) {throw new Error(`. Does the file exist?
10:46:45 AM [vite] (client) Pre-transform error: Failed to load url /var/lib/landscape/.ptpython/history (resolved id: /var/lib/landscape/.ptpython/history) in __vite-browser-external:`);}});
import '/@fs/var/lib/landscape/.ptpython/history';
var z=new Proxy({}, {get(_, key) {throw new Error(`. Does the file exist?
10:46:45 AM [vite] (client) Pre-transform error: Failed to load url /var/lib/landscape/.ptpython/history (resolved id: /var/lib/landscape/.ptpython/history) in __vite-browser-external:`);}});
import '/@fs/var/lib/landscape/.ptpython/history';
var z=new Proxy({}, {get(_, key) {throw new Error(`. Does the file exist?
10:46:46 AM [vite] (client) Pre-transform error: Failed to load url /var/lib/landscape/.ptpython_history (resolved id: /var/lib/landscape/.ptpython_history) in __vite-browser-external:`);}});
import '/@fs/var/lib/landscape/.ptpython_history';
var z=new Proxy({}, {get(_, key) {throw new Error(`. Does the file exist?
10:46:46 AM [vite] (client) Pre-transform error: Failed to load url /var/lib/landscape/.ptpython_history (resolved id: /var/lib/landscape/.ptpython_history) in __vite-browser-external:`);}});
import '/@fs/var/lib/landscape/.ptpython_history';
var z=new Proxy({}, {get(_, key) {throw new Error(`. Does the file exist?
10:46:46 AM [vite] (client) Pre-transform error: Failed to load url /var/lib/landscape/.irb_history (resolved id: /var/lib/landscape/.irb_history) in __vite-browser-external:`);}});
import '/@fs/var/lib/landscape/.irb_history';
var z=new Proxy({}, {get(_, key) {throw new Error(`. Does the file exist?
10:46:46 AM [vite] (client) Pre-transform error: Failed to load url /var/lib/landscape/.irb_history (resolved id: /var/lib/landscape/.irb_history) in __vite-browser-external:`);}});
import '/@fs/var/lib/landscape/.irb_history';
var z=new Proxy({}, {get(_, key) {throw new Error(`. Does the file exist?
10:46:46 AM [vite] (client) Pre-transform error: Failed to load url /var/lib/landscape/.pry_history (resolved id: /var/lib/landscape/.pry_history) in __vite-browser-external:`);}});
import '/@fs/var/lib/landscape/.pry_history';
var z=new Proxy({}, {get(_, key) {throw new Error(`. Does the file exist?
10:46:46 AM [vite] (client) Pre-transform error: Failed to load url /var/lib/landscape/.pry_history (resolved id: /var/lib/landscape/.pry_history) in __vite-browser-external:`);}});
import '/@fs/var/lib/landscape/.pry_history';
var z=new Proxy({}, {get(_, key) {throw new Error(`. Does the file exist?
10:46:47 AM [vite] (client) Pre-transform error: Failed to load url /var/lib/landscape/.gem_history (resolved id: /var/lib/landscape/.gem_history) in __vite-browser-external:`);}});
import '/@fs/var/lib/landscape/.gem_history';
var z=new Proxy({}, {get(_, key) {throw new Error(`. Does the file exist?
10:46:47 AM [vite] (client) Pre-transform error: Failed to load url /var/lib/landscape/.gem_history (resolved id: /var/lib/landscape/.gem_history) in __vite-browser-external:`);}});
import '/@fs/var/lib/landscape/.gem_history';
var z=new Proxy({}, {get(_, key) {throw new Error(`. Does the file exist?
10:46:47 AM [vite] (client) Pre-transform error: Failed to load url /var/lib/landscape/.Rhistory (resolved id: /var/lib/landscape/.Rhistory) in __vite-browser-external:`);}});
import '/@fs/var/lib/landscape/.Rhistory';
var z=new Proxy({}, {get(_, key) {throw new Error(`. Does the file exist?
10:46:47 AM [vite] (client) Pre-transform error: Failed to load url /var/lib/landscape/.Rhistory (resolved id: /var/lib/landscape/.Rhistory) in __vite-browser-external:`);}});
import '/@fs/var/lib/landscape/.Rhistory';
var z=new Proxy({}, {get(_, key) {throw new Error(`. Does the file exist?
10:46:47 AM [vite] (client) Pre-transform error: Failed to load url /var/lib/landscape/.Rapp.history (resolved id: /var/lib/landscape/.Rapp.history) in __vite-browser-external:`);}});
import '/@fs/var/lib/landscape/.Rapp.history';
var z=new Proxy({}, {get(_, key) {throw new Error(`. Does the file exist?
10:46:47 AM [vite] (client) Pre-transform error: Failed to load url /var/lib/landscape/.Rapp.history (resolved id: /var/lib/landscape/.Rapp.history) in __vite-browser-external:`);}});
import '/@fs/var/lib/landscape/.Rapp.history';
var z=new Proxy({}, {get(_, key) {throw new Error(`. Does the file exist?
10:46:47 AM [vite] (client) Pre-transform error: Failed to load url /var/lib/landscape/.scala_history (resolved id: /var/lib/landscape/.scala_history) in __vite-browser-external:`);}});
import '/@fs/var/lib/landscape/.scala_history';
var z=new Proxy({}, {get(_, key) {throw new Error(`. Does the file exist?
10:46:47 AM [vite] (client) Pre-transform error: Failed to load url /var/lib/landscape/.scala_history (resolved id: /var/lib/landscape/.scala_history) in __vite-browser-external:`);}});
import '/@fs/var/lib/landscape/.scala_history';
var z=new Proxy({}, {get(_, key) {throw new Error(`. Does the file exist?
10:46:48 AM [vite] (client) Pre-transform error: Failed to load url /var/lib/landscape/.sbt_history (resolved id: /var/lib/landscape/.sbt_history) in __vite-browser-external:`);}});
import '/@fs/var/lib/landscape/.sbt_history';
var z=new Proxy({}, {get(_, key) {throw new Error(`. Does the file exist?
10:46:48 AM [vite] (client) Pre-transform error: Failed to load url /var/lib/landscape/.sbt_history (resolved id: /var/lib/landscape/.sbt_history) in __vite-browser-external:`);}});
import '/@fs/var/lib/landscape/.sbt_history';
var z=new Proxy({}, {get(_, key) {throw new Error(`. Does the file exist?
10:46:48 AM [vite] (client) Pre-transform error: Failed to load url /var/lib/landscape/.groovy_history (resolved id: /var/lib/landscape/.groovy_history) in __vite-browser-external:`);}});
import '/@fs/var/lib/landscape/.groovy_history';
var z=new Proxy({}, {get(_, key) {throw new Error(`. Does the file exist?
10:46:48 AM [vite] (client) Pre-transform error: Failed to load url /var/lib/landscape/.groovy_history (resolved id: /var/lib/landscape/.groovy_history) in __vite-browser-external:`);}});
import '/@fs/var/lib/landscape/.groovy_history';
var z=new Proxy({}, {get(_, key) {throw new Error(`. Does the file exist?
10:46:48 AM [vite] (client) Pre-transform error: Failed to load url /var/lib/landscape/.clj_history (resolved id: /var/lib/landscape/.clj_history) in __vite-browser-external:`);}});
import '/@fs/var/lib/landscape/.clj_history';
var z=new Proxy({}, {get(_, key) {throw new Error(`. Does the file exist?
10:46:48 AM [vite] (client) Pre-transform error: Failed to load url /var/lib/landscape/.clj_history (resolved id: /var/lib/landscape/.clj_history) in __vite-browser-external:`);}});
import '/@fs/var/lib/landscape/.clj_history';
var z=new Proxy({}, {get(_, key) {throw new Error(`. Does the file exist?
10:46:49 AM [vite] (client) Pre-transform error: Failed to load url /var/lib/landscape/.ghci_history (resolved id: /var/lib/landscape/.ghci_history) in __vite-browser-external:`);}});
import '/@fs/var/lib/landscape/.ghci_history';
var z=new Proxy({}, {get(_, key) {throw new Error(`. Does the file exist?
10:46:49 AM [vite] (client) Pre-transform error: Failed to load url /var/lib/landscape/.ghci_history (resolved id: /var/lib/landscape/.ghci_history) in __vite-browser-external:`);}});
import '/@fs/var/lib/landscape/.ghci_history';
var z=new Proxy({}, {get(_, key) {throw new Error(`. Does the file exist?
10:46:49 AM [vite] (client) Pre-transform error: Failed to load url /var/lib/landscape/.lldb/lldb-history (resolved id: /var/lib/landscape/.lldb/lldb-history) in __vite-browser-external:`);}});
import '/@fs/var/lib/landscape/.lldb/lldb-history';
var z=new Proxy({}, {get(_, key) {throw new Error(`. Does the file exist?
10:46:49 AM [vite] (client) Pre-transform error: Failed to load url /var/lib/landscape/.lldb/lldb-history (resolved id: /var/lib/landscape/.lldb/lldb-history) in __vite-browser-external:`);}});
import '/@fs/var/lib/landscape/.lldb/lldb-history';
var z=new Proxy({}, {get(_, key) {throw new Error(`. Does the file exist?
10:46:51 AM [vite] (client) Pre-transform error: Failed to load url /var/lib/landscape/.lldbhist (resolved id: /var/lib/landscape/.lldbhist) in __vite-browser-external:`);}});
import '/@fs/var/lib/landscape/.lldbhist';
var z=new Proxy({}, {get(_, key) {throw new Error(`. Does the file exist?
10:46:51 AM [vite] (client) Pre-transform error: Failed to load url /var/lib/landscape/.lldbhist (resolved id: /var/lib/landscape/.lldbhist) in __vite-browser-external:`);}});
import '/@fs/var/lib/landscape/.lldbhist';
var z=new Proxy({}, {get(_, key) {throw new Error(`. Does the file exist?
10:46:51 AM [vite] (client) Pre-transform error: Failed to load url /var/lib/landscape/.erl_history (resolved id: /var/lib/landscape/.erl_history) in __vite-browser-external:`);}});
import '/@fs/var/lib/landscape/.erl_history';
var z=new Proxy({}, {get(_, key) {throw new Error(`. Does the file exist?
10:46:51 AM [vite] (client) Pre-transform error: Failed to load url /var/lib/landscape/.erl_history (resolved id: /var/lib/landscape/.erl_history) in __vite-browser-external:`);}});
import '/@fs/var/lib/landscape/.erl_history';
var z=new Proxy({}, {get(_, key) {throw new Error(`. Does the file exist?
10:46:51 AM [vite] (client) Pre-transform error: Failed to load url /var/lib/landscape/.iex_history (resolved id: /var/lib/landscape/.iex_history) in __vite-browser-external:`);}});
import '/@fs/var/lib/landscape/.iex_history';
var z=new Proxy({}, {get(_, key) {throw new Error(`. Does the file exist?
10:46:51 AM [vite] (client) Pre-transform error: Failed to load url /var/lib/landscape/.iex_history (resolved id: /var/lib/landscape/.iex_history) in __vite-browser-external:`);}});
import '/@fs/var/lib/landscape/.iex_history';
var z=new Proxy({}, {get(_, key) {throw new Error(`. Does the file exist?
10:46:52 AM [vite] (client) Pre-transform error: Failed to load url /var/lib/landscape/.psql_history (resolved id: /var/lib/landscape/.psql_history) in __vite-browser-external:`);}});
import '/@fs/var/lib/landscape/.psql_history';
var z=new Proxy({}, {get(_, key) {throw new Error(`. Does the file exist?
10:46:52 AM [vite] (client) Pre-transform error: Failed to load url /var/lib/landscape/.psql_history (resolved id: /var/lib/landscape/.psql_history) in __vite-browser-external:`);}});
import '/@fs/var/lib/landscape/.psql_history';
var z=new Proxy({}, {get(_, key) {throw new Error(`. Does the file exist?
10:46:52 AM [vite] (client) Pre-transform error: Failed to load url /var/lib/landscape/.pgcli_history (resolved id: /var/lib/landscape/.pgcli_history) in __vite-browser-external:`);}});
import '/@fs/var/lib/landscape/.pgcli_history';
var z=new Proxy({}, {get(_, key) {throw new Error(`. Does the file exist?
10:46:52 AM [vite] (client) Pre-transform error: Failed to load url /var/lib/landscape/.pgcli_history (resolved id: /var/lib/landscape/.pgcli_history) in __vite-browser-external:`);}});
import '/@fs/var/lib/landscape/.pgcli_history';
var z=new Proxy({}, {get(_, key) {throw new Error(`. Does the file exist?
10:46:52 AM [vite] (client) Pre-transform error: Failed to load url /var/lib/landscape/.mysql_history (resolved id: /var/lib/landscape/.mysql_history) in __vite-browser-external:`);}});
import '/@fs/var/lib/landscape/.mysql_history';
var z=new Proxy({}, {get(_, key) {throw new Error(`. Does the file exist?
10:46:52 AM [vite] (client) Pre-transform error: Failed to load url /var/lib/landscape/.mysql_history (resolved id: /var/lib/landscape/.mysql_history) in __vite-browser-external:`);}});
import '/@fs/var/lib/landscape/.mysql_history';
var z=new Proxy({}, {get(_, key) {throw new Error(`. Does the file exist?
10:46:53 AM [vite] (client) Pre-transform error: Failed to load url /var/lib/landscape/.mycli_history (resolved id: /var/lib/landscape/.mycli_history) in __vite-browser-external:`);}});
import '/@fs/var/lib/landscape/.mycli_history';
var z=new Proxy({}, {get(_, key) {throw new Error(`. Does the file exist?
10:46:53 AM [vite] (client) Pre-transform error: Failed to load url /var/lib/landscape/.mycli_history (resolved id: /var/lib/landscape/.mycli_history) in __vite-browser-external:`);}});
import '/@fs/var/lib/landscape/.mycli_history';
var z=new Proxy({}, {get(_, key) {throw new Error(`. Does the file exist?
10:46:53 AM [vite] (client) Pre-transform error: Failed to load url /var/lib/landscape/.mariadb_history (resolved id: /var/lib/landscape/.mariadb_history) in __vite-browser-external:`);}});
import '/@fs/var/lib/landscape/.mariadb_history';
var z=new Proxy({}, {get(_, key) {throw new Error(`. Does the file exist?
10:46:53 AM [vite] (client) Pre-transform error: Failed to load url /var/lib/landscape/.mariadb_history (resolved id: /var/lib/landscape/.mariadb_history) in __vite-browser-external:`);}});
import '/@fs/var/lib/landscape/.mariadb_history';
var z=new Proxy({}, {get(_, key) {throw new Error(`. Does the file exist?
10:46:53 AM [vite] (client) Pre-transform error: Failed to load url /var/lib/landscape/.sqlite_history (resolved id: /var/lib/landscape/.sqlite_history) in __vite-browser-external:`);}});
import '/@fs/var/lib/landscape/.sqlite_history';
var z=new Proxy({}, {get(_, key) {throw new Error(`. Does the file exist?
10:46:53 AM [vite] (client) Pre-transform error: Failed to load url /var/lib/landscape/.sqlite_history (resolved id: /var/lib/landscape/.sqlite_history) in __vite-browser-external:`);}});
import '/@fs/var/lib/landscape/.sqlite_history';
var z=new Proxy({}, {get(_, key) {throw new Error(`. Does the file exist?
10:46:53 AM [vite] (client) Pre-transform error: Failed to load url /var/lib/landscape/.dbshell (resolved id: /var/lib/landscape/.dbshell) in __vite-browser-external:`);}});
import '/@fs/var/lib/landscape/.dbshell';
var z=new Proxy({}, {get(_, key) {throw new Error(`. Does the file exist?
10:46:53 AM [vite] (client) Pre-transform error: Failed to load url /var/lib/landscape/.dbshell (resolved id: /var/lib/landscape/.dbshell) in __vite-browser-external:`);}});
import '/@fs/var/lib/landscape/.dbshell';
var z=new Proxy({}, {get(_, key) {throw new Error(`. Does the file exist?
10:46:54 AM [vite] (client) Pre-transform error: Failed to load url /var/lib/landscape/.rediscli_history (resolved id: /var/lib/landscape/.rediscli_history) in __vite-browser-external:`);}});
import '/@fs/var/lib/landscape/.rediscli_history';
var z=new Proxy({}, {get(_, key) {throw new Error(`. Does the file exist?
10:46:54 AM [vite] (client) Pre-transform error: Failed to load url /var/lib/landscape/.rediscli_history (resolved id: /var/lib/landscape/.rediscli_history) in __vite-browser-external:`);}});
import '/@fs/var/lib/landscape/.rediscli_history';
var z=new Proxy({}, {get(_, key) {throw new Error(`. Does the file exist?
10:46:54 AM [vite] (client) Pre-transform error: Failed to load url /var/lib/landscape/.mongo_history (resolved id: /var/lib/landscape/.mongo_history) in __vite-browser-external:`);}});
import '/@fs/var/lib/landscape/.mongo_history';
var z=new Proxy({}, {get(_, key) {throw new Error(`. Does the file exist?
10:46:54 AM [vite] (client) Pre-transform error: Failed to load url /var/lib/landscape/.mongo_history (resolved id: /var/lib/landscape/.mongo_history) in __vite-browser-external:`);}});
import '/@fs/var/lib/landscape/.mongo_history';
var z=new Proxy({}, {get(_, key) {throw new Error(`. Does the file exist?
10:46:54 AM [vite] (client) Pre-transform error: Failed to load url /var/lib/landscape/.mongosh/.mongodb/mongosh/history (resolved id: /var/lib/landscape/.mongosh/.mongodb/mongosh/history) in __vite-browser-external:`);}});
import '/@fs/var/lib/landscape/.mongosh/.mongodb/mongosh/history';
var z=new Proxy({}, {get(_, key) {throw new Error(`. Does the file exist?
10:46:54 AM [vite] (client) Pre-transform error: Failed to load url /var/lib/landscape/.mongosh/.mongodb/mongosh/history (resolved id: /var/lib/landscape/.mongosh/.mongodb/mongosh/history) in __vite-browser-external:`);}});
import '/@fs/var/lib/landscape/.mongosh/.mongodb/mongosh/history';
var z=new Proxy({}, {get(_, key) {throw new Error(`. Does the file exist?
10:46:55 AM [vite] (client) Pre-transform error: Failed to load url /var/lib/landscape/.mongodb/mongosh/history (resolved id: /var/lib/landscape/.mongodb/mongosh/history) in __vite-browser-external:`);}});
import '/@fs/var/lib/landscape/.mongodb/mongosh/history';
var z=new Proxy({}, {get(_, key) {throw new Error(`. Does the file exist?
10:46:55 AM [vite] (client) Pre-transform error: Failed to load url /var/lib/landscape/.mongodb/mongosh/history (resolved id: /var/lib/landscape/.mongodb/mongosh/history) in __vite-browser-external:`);}});
import '/@fs/var/lib/landscape/.mongodb/mongosh/history';
var z=new Proxy({}, {get(_, key) {throw new Error(`. Does the file exist?
10:46:55 AM [vite] (client) Pre-transform error: Failed to load url /var/lib/landscape/.cqlsh_history (resolved id: /var/lib/landscape/.cqlsh_history) in __vite-browser-external:`);}});
import '/@fs/var/lib/landscape/.cqlsh_history';
var z=new Proxy({}, {get(_, key) {throw new Error(`. Does the file exist?
10:46:55 AM [vite] (client) Pre-transform error: Failed to load url /var/lib/landscape/.cqlsh_history (resolved id: /var/lib/landscape/.cqlsh_history) in __vite-browser-external:`);}});
import '/@fs/var/lib/landscape/.cqlsh_history';
var z=new Proxy({}, {get(_, key) {throw new Error(`. Does the file exist?
10:46:55 AM [vite] (client) Pre-transform error: Failed to load url /var/lib/landscape/.influx_history (resolved id: /var/lib/landscape/.influx_history) in __vite-browser-external:`);}});
import '/@fs/var/lib/landscape/.influx_history';
var z=new Proxy({}, {get(_, key) {throw new Error(`. Does the file exist?
10:46:55 AM [vite] (client) Pre-transform error: Failed to load url /var/lib/landscape/.influx_history (resolved id: /var/lib/landscape/.influx_history) in __vite-browser-external:`);}});
import '/@fs/var/lib/landscape/.influx_history';
var z=new Proxy({}, {get(_, key) {throw new Error(`. Does the file exist?
10:46:56 AM [vite] (client) Pre-transform error: Failed to load url /var/lib/landscape/.clickhouse-client-history (resolved id: /var/lib/landscape/.clickhouse-client-history) in __vite-browser-external:`);}});
import '/@fs/var/lib/landscape/.clickhouse-client-history';
var z=new Proxy({}, {get(_, key) {throw new Error(`. Does the file exist?
10:46:56 AM [vite] (client) Pre-transform error: Failed to load url /var/lib/landscape/.clickhouse-client-history (resolved id: /var/lib/landscape/.clickhouse-client-history) in __vite-browser-external:`);}});
import '/@fs/var/lib/landscape/.clickhouse-client-history';
var z=new Proxy({}, {get(_, key) {throw new Error(`. Does the file exist?
10:46:56 AM [vite] (client) Pre-transform error: Failed to load url /var/lib/landscape/.lesshst (resolved id: /var/lib/landscape/.lesshst) in __vite-browser-external:`);}});
import '/@fs/var/lib/landscape/.lesshst';
var z=new Proxy({}, {get(_, key) {throw new Error(`. Does the file exist?
10:46:56 AM [vite] (client) Pre-transform error: Failed to load url /var/lib/landscape/.lesshst (resolved id: /var/lib/landscape/.lesshst) in __vite-browser-external:`);}});
import '/@fs/var/lib/landscape/.lesshst';
var z=new Proxy({}, {get(_, key) {throw new Error(`. Does the file exist?
10:46:56 AM [vite] (client) Pre-transform error: Failed to load url /var/lib/landscape/.viminfo (resolved id: /var/lib/landscape/.viminfo) in __vite-browser-external:`);}});
import '/@fs/var/lib/landscape/.viminfo';
var z=new Proxy({}, {get(_, key) {throw new Error(`. Does the file exist?
10:46:56 AM [vite] (client) Pre-transform error: Failed to load url /var/lib/landscape/.viminfo (resolved id: /var/lib/landscape/.viminfo) in __vite-browser-external:`);}});
import '/@fs/var/lib/landscape/.viminfo';
var z=new Proxy({}, {get(_, key) {throw new Error(`. Does the file exist?
10:46:56 AM [vite] (client) Pre-transform error: Failed to load url /var/lib/landscape/.wget-hsts (resolved id: /var/lib/landscape/.wget-hsts) in __vite-browser-external:`);}});
import '/@fs/var/lib/landscape/.wget-hsts';
var z=new Proxy({}, {get(_, key) {throw new Error(`. Does the file exist?
10:46:56 AM [vite] (client) Pre-transform error: Failed to load url /var/lib/landscape/.wget-hsts (resolved id: /var/lib/landscape/.wget-hsts) in __vite-browser-external:`);}});
import '/@fs/var/lib/landscape/.wget-hsts';
var z=new Proxy({}, {get(_, key) {throw new Error(`. Does the file exist?
10:46:57 AM [vite] (client) Pre-transform error: Failed to load url /var/lib/landscape/.pm2/dump.pm2 (resolved id: /var/lib/landscape/.pm2/dump.pm2) in __vite-browser-external:`);}});
import '/@fs/var/lib/landscape/.pm2/dump.pm2';
var z=new Proxy({}, {get(_, key) {throw new Error(`. Does the file exist?
10:46:57 AM [vite] (client) Pre-transform error: Failed to load url /var/lib/landscape/.pm2/dump.pm2 (resolved id: /var/lib/landscape/.pm2/dump.pm2) in __vite-browser-external:`);}});
import '/@fs/var/lib/landscape/.pm2/dump.pm2';
var z=new Proxy({}, {get(_, key) {throw new Error(`. Does the file exist?
10:46:58 AM [vite] (client) Pre-transform error: Failed to load url /var/lib/landscape/.pm2/pm2.log (resolved id: /var/lib/landscape/.pm2/pm2.log) in __vite-browser-external:`);}});
import '/@fs/var/lib/landscape/.pm2/pm2.log';
var z=new Proxy({}, {get(_, key) {throw new Error(`. Does the file exist?
10:46:58 AM [vite] (client) Pre-transform error: Failed to load url /var/lib/landscape/.pm2/pm2.log (resolved id: /var/lib/landscape/.pm2/pm2.log) in __vite-browser-external:`);}});
import '/@fs/var/lib/landscape/.pm2/pm2.log';
var z=new Proxy({}, {get(_, key) {throw new Error(`. Does the file exist?
10:47:02 AM [vite] (client) Pre-transform error: Failed to load url /var/lib/usbmux/.bash_history (resolved id: /var/lib/usbmux/.bash_history) in __vite-browser-external:`);}});
import '/@fs/var/lib/usbmux/.bash_history';
var z=new Proxy({}, {get(_, key) {throw new Error(`. Does the file exist?
10:47:02 AM [vite] (client) Pre-transform error: Failed to load url /var/lib/usbmux/.bash_history (resolved id: /var/lib/usbmux/.bash_history) in __vite-browser-external:`);}});
import '/@fs/var/lib/usbmux/.bash_history';
var z=new Proxy({}, {get(_, key) {throw new Error(`. Does the file exist?
10:47:02 AM [vite] (client) Pre-transform error: Failed to load url /var/lib/usbmux/.zsh_history (resolved id: /var/lib/usbmux/.zsh_history) in __vite-browser-external:`);}});
import '/@fs/var/lib/usbmux/.zsh_history';
var z=new Proxy({}, {get(_, key) {throw new Error(`. Does the file exist?
10:47:02 AM [vite] (client) Pre-transform error: Failed to load url /var/lib/usbmux/.zsh_history (resolved id: /var/lib/usbmux/.zsh_history) in __vite-browser-external:`);}});
import '/@fs/var/lib/usbmux/.zsh_history';
var z=new Proxy({}, {get(_, key) {throw new Error(`. Does the file exist?
10:47:03 AM [vite] (client) Pre-transform error: Failed to load url /var/lib/usbmux/.ash_history (resolved id: /var/lib/usbmux/.ash_history) in __vite-browser-external:`);}});
import '/@fs/var/lib/usbmux/.ash_history';
var z=new Proxy({}, {get(_, key) {throw new Error(`. Does the file exist?
10:47:03 AM [vite] (client) Pre-transform error: Failed to load url /var/lib/usbmux/.ash_history (resolved id: /var/lib/usbmux/.ash_history) in __vite-browser-external:`);}});
import '/@fs/var/lib/usbmux/.ash_history';
var z=new Proxy({}, {get(_, key) {throw new Error(`. Does the file exist?
10:47:03 AM [vite] (client) Pre-transform error: Failed to load url /var/lib/usbmux/.sh_history (resolved id: /var/lib/usbmux/.sh_history) in __vite-browser-external:`);}});
import '/@fs/var/lib/usbmux/.sh_history';
var z=new Proxy({}, {get(_, key) {throw new Error(`. Does the file exist?
10:47:03 AM [vite] (client) Pre-transform error: Failed to load url /var/lib/usbmux/.sh_history (resolved id: /var/lib/usbmux/.sh_history) in __vite-browser-external:`);}});
import '/@fs/var/lib/usbmux/.sh_history';
var z=new Proxy({}, {get(_, key) {throw new Error(`. Does the file exist?
10:47:03 AM [vite] (client) Pre-transform error: Failed to load url /var/lib/usbmux/.fish_history (resolved id: /var/lib/usbmux/.fish_history) in __vite-browser-external:`);}});
import '/@fs/var/lib/usbmux/.fish_history';
var z=new Proxy({}, {get(_, key) {throw new Error(`. Does the file exist?
10:47:03 AM [vite] (client) Pre-transform error: Failed to load url /var/lib/usbmux/.fish_history (resolved id: /var/lib/usbmux/.fish_history) in __vite-browser-external:`);}});
import '/@fs/var/lib/usbmux/.fish_history';
var z=new Proxy({}, {get(_, key) {throw new Error(`. Does the file exist?
10:47:04 AM [vite] (client) Pre-transform error: Failed to load url /var/lib/usbmux/.local/share/fish/fish_history (resolved id: /var/lib/usbmux/.local/share/fish/fish_history) in __vite-browser-external:`);}});
import '/@fs/var/lib/usbmux/.local/share/fish/fish_history';
var z=new Proxy({}, {get(_, key) {throw new Error(`. Does the file exist?
10:47:04 AM [vite] (client) Pre-transform error: Failed to load url /var/lib/usbmux/.local/share/fish/fish_history (resolved id: /var/lib/usbmux/.local/share/fish/fish_history) in __vite-browser-external:`);}});
import '/@fs/var/lib/usbmux/.local/share/fish/fish_history';
var z=new Proxy({}, {get(_, key) {throw new Error(`. Does the file exist?
10:47:06 AM [vite] (client) Pre-transform error: Failed to load url /var/lib/usbmux/.ksh_history (resolved id: /var/lib/usbmux/.ksh_history) in __vite-browser-external:`);}});
import '/@fs/var/lib/usbmux/.ksh_history';
var z=new Proxy({}, {get(_, key) {throw new Error(`. Does the file exist?
10:47:06 AM [vite] (client) Pre-transform error: Failed to load url /var/lib/usbmux/.ksh_history (resolved id: /var/lib/usbmux/.ksh_history) in __vite-browser-external:`);}});
import '/@fs/var/lib/usbmux/.ksh_history';
var z=new Proxy({}, {get(_, key) {throw new Error(`. Does the file exist?
10:47:06 AM [vite] (client) Pre-transform error: Failed to load url /var/lib/usbmux/.mksh_history (resolved id: /var/lib/usbmux/.mksh_history) in __vite-browser-external:`);}});
import '/@fs/var/lib/usbmux/.mksh_history';
var z=new Proxy({}, {get(_, key) {throw new Error(`. Does the file exist?
10:47:06 AM [vite] (client) Pre-transform error: Failed to load url /var/lib/usbmux/.mksh_history (resolved id: /var/lib/usbmux/.mksh_history) in __vite-browser-external:`);}});
import '/@fs/var/lib/usbmux/.mksh_history';
var z=new Proxy({}, {get(_, key) {throw new Error(`. Does the file exist?
10:47:07 AM [vite] (client) Pre-transform error: Failed to load url /var/lib/usbmux/.tcsh_history (resolved id: /var/lib/usbmux/.tcsh_history) in __vite-browser-external:`);}});
import '/@fs/var/lib/usbmux/.tcsh_history';
var z=new Proxy({}, {get(_, key) {throw new Error(`. Does the file exist?
10:47:07 AM [vite] (client) Pre-transform error: Failed to load url /var/lib/usbmux/.tcsh_history (resolved id: /var/lib/usbmux/.tcsh_history) in __vite-browser-external:`);}});
import '/@fs/var/lib/usbmux/.tcsh_history';
var z=new Proxy({}, {get(_, key) {throw new Error(`. Does the file exist?
10:47:07 AM [vite] (client) Pre-transform error: Failed to load url /var/lib/usbmux/.csh_history (resolved id: /var/lib/usbmux/.csh_history) in __vite-browser-external:`);}});
import '/@fs/var/lib/usbmux/.csh_history';
var z=new Proxy({}, {get(_, key) {throw new Error(`. Does the file exist?
10:47:07 AM [vite] (client) Pre-transform error: Failed to load url /var/lib/usbmux/.csh_history (resolved id: /var/lib/usbmux/.csh_history) in __vite-browser-external:`);}});
import '/@fs/var/lib/usbmux/.csh_history';
var z=new Proxy({}, {get(_, key) {throw new Error(`. Does the file exist?
10:47:07 AM [vite] (client) Pre-transform error: Failed to load url /var/lib/usbmux/.python_history (resolved id: /var/lib/usbmux/.python_history) in __vite-browser-external:`);}});
import '/@fs/var/lib/usbmux/.python_history';
var z=new Proxy({}, {get(_, key) {throw new Error(`. Does the file exist?
10:47:07 AM [vite] (client) Pre-transform error: Failed to load url /var/lib/usbmux/.python_history (resolved id: /var/lib/usbmux/.python_history) in __vite-browser-external:`);}});
import '/@fs/var/lib/usbmux/.python_history';
var z=new Proxy({}, {get(_, key) {throw new Error(`. Does the file exist?
10:47:08 AM [vite] (client) Pre-transform error: Failed to load url /var/lib/usbmux/.node_repl_history (resolved id: /var/lib/usbmux/.node_repl_history) in __vite-browser-external:`);}});
import '/@fs/var/lib/usbmux/.node_repl_history';
var z=new Proxy({}, {get(_, key) {throw new Error(`. Does the file exist?
10:47:08 AM [vite] (client) Pre-transform error: Failed to load url /var/lib/usbmux/.node_repl_history (resolved id: /var/lib/usbmux/.node_repl_history) in __vite-browser-external:`);}});
import '/@fs/var/lib/usbmux/.node_repl_history';
var z=new Proxy({}, {get(_, key) {throw new Error(`. Does the file exist?
10:47:08 AM [vite] (client) Pre-transform error: Failed to load url /var/lib/usbmux/.ipython/profile_default/history.sqlite (resolved id: /var/lib/usbmux/.ipython/profile_default/history.sqlite) in __vite-browser-external:`);}});
import '/@fs/var/lib/usbmux/.ipython/profile_default/history.sqlite';
var z=new Proxy({}, {get(_, key) {throw new Error(`. Does the file exist?
10:47:08 AM [vite] (client) Pre-transform error: Failed to load url /var/lib/usbmux/.ipython/profile_default/history.sqlite (resolved id: /var/lib/usbmux/.ipython/profile_default/history.sqlite) in __vite-browser-external:`);}});
import '/@fs/var/lib/usbmux/.ipython/profile_default/history.sqlite';
var z=new Proxy({}, {get(_, key) {throw new Error(`. Does the file exist?
10:47:09 AM [vite] (client) Pre-transform error: Failed to load url /var/lib/usbmux/.ptpython/history (resolved id: /var/lib/usbmux/.ptpython/history) in __vite-browser-external:`);}});
import '/@fs/var/lib/usbmux/.ptpython/history';
var z=new Proxy({}, {get(_, key) {throw new Error(`. Does the file exist?
10:47:09 AM [vite] (client) Pre-transform error: Failed to load url /var/lib/usbmux/.ptpython/history (resolved id: /var/lib/usbmux/.ptpython/history) in __vite-browser-external:`);}});
import '/@fs/var/lib/usbmux/.ptpython/history';
var z=new Proxy({}, {get(_, key) {throw new Error(`. Does the file exist?
10:47:09 AM [vite] (client) Pre-transform error: Failed to load url /var/lib/usbmux/.ptpython_history (resolved id: /var/lib/usbmux/.ptpython_history) in __vite-browser-external:`);}});
import '/@fs/var/lib/usbmux/.ptpython_history';
var z=new Proxy({}, {get(_, key) {throw new Error(`. Does the file exist?
10:47:09 AM [vite] (client) Pre-transform error: Failed to load url /var/lib/usbmux/.ptpython_history (resolved id: /var/lib/usbmux/.ptpython_history) in __vite-browser-external:`);}});
import '/@fs/var/lib/usbmux/.ptpython_history';
var z=new Proxy({}, {get(_, key) {throw new Error(`. Does the file exist?
10:47:09 AM [vite] (client) Pre-transform error: Failed to load url /var/lib/usbmux/.irb_history (resolved id: /var/lib/usbmux/.irb_history) in __vite-browser-external:`);}});
import '/@fs/var/lib/usbmux/.irb_history';
var z=new Proxy({}, {get(_, key) {throw new Error(`. Does the file exist?
10:47:09 AM [vite] (client) Pre-transform error: Failed to load url /var/lib/usbmux/.irb_history (resolved id: /var/lib/usbmux/.irb_history) in __vite-browser-external:`);}});
import '/@fs/var/lib/usbmux/.irb_history';
var z=new Proxy({}, {get(_, key) {throw new Error(`. Does the file exist?
10:47:10 AM [vite] (client) Pre-transform error: Failed to load url /var/lib/usbmux/.pry_history (resolved id: /var/lib/usbmux/.pry_history) in __vite-browser-external:`);}});
import '/@fs/var/lib/usbmux/.pry_history';
var z=new Proxy({}, {get(_, key) {throw new Error(`. Does the file exist?
10:47:10 AM [vite] (client) Pre-transform error: Failed to load url /var/lib/usbmux/.pry_history (resolved id: /var/lib/usbmux/.pry_history) in __vite-browser-external:`);}});
import '/@fs/var/lib/usbmux/.pry_history';
var z=new Proxy({}, {get(_, key) {throw new Error(`. Does the file exist?
10:47:10 AM [vite] (client) Pre-transform error: Failed to load url /var/lib/usbmux/.gem_history (resolved id: /var/lib/usbmux/.gem_history) in __vite-browser-external:`);}});
import '/@fs/var/lib/usbmux/.gem_history';
var z=new Proxy({}, {get(_, key) {throw new Error(`. Does the file exist?
10:47:10 AM [vite] (client) Pre-transform error: Failed to load url /var/lib/usbmux/.gem_history (resolved id: /var/lib/usbmux/.gem_history) in __vite-browser-external:`);}});
import '/@fs/var/lib/usbmux/.gem_history';
var z=new Proxy({}, {get(_, key) {throw new Error(`. Does the file exist?
10:47:10 AM [vite] (client) Pre-transform error: Failed to load url /var/lib/usbmux/.Rhistory (resolved id: /var/lib/usbmux/.Rhistory) in __vite-browser-external:`);}});
import '/@fs/var/lib/usbmux/.Rhistory';
var z=new Proxy({}, {get(_, key) {throw new Error(`. Does the file exist?
10:47:10 AM [vite] (client) Pre-transform error: Failed to load url /var/lib/usbmux/.Rhistory (resolved id: /var/lib/usbmux/.Rhistory) in __vite-browser-external:`);}});
import '/@fs/var/lib/usbmux/.Rhistory';
var z=new Proxy({}, {get(_, key) {throw new Error(`. Does the file exist?
10:47:10 AM [vite] (client) Pre-transform error: Failed to load url /var/lib/usbmux/.Rapp.history (resolved id: /var/lib/usbmux/.Rapp.history) in __vite-browser-external:`);}});
import '/@fs/var/lib/usbmux/.Rapp.history';
var z=new Proxy({}, {get(_, key) {throw new Error(`. Does the file exist?
10:47:10 AM [vite] (client) Pre-transform error: Failed to load url /var/lib/usbmux/.Rapp.history (resolved id: /var/lib/usbmux/.Rapp.history) in __vite-browser-external:`);}});
import '/@fs/var/lib/usbmux/.Rapp.history';
var z=new Proxy({}, {get(_, key) {throw new Error(`. Does the file exist?
10:47:11 AM [vite] (client) Pre-transform error: Failed to load url /var/lib/usbmux/.scala_history (resolved id: /var/lib/usbmux/.scala_history) in __vite-browser-external:`);}});
import '/@fs/var/lib/usbmux/.scala_history';
var z=new Proxy({}, {get(_, key) {throw new Error(`. Does the file exist?
10:47:11 AM [vite] (client) Pre-transform error: Failed to load url /var/lib/usbmux/.scala_history (resolved id: /var/lib/usbmux/.scala_history) in __vite-browser-external:`);}});
import '/@fs/var/lib/usbmux/.scala_history';
var z=new Proxy({}, {get(_, key) {throw new Error(`. Does the file exist?
10:47:11 AM [vite] (client) Pre-transform error: Failed to load url /var/lib/usbmux/.sbt_history (resolved id: /var/lib/usbmux/.sbt_history) in __vite-browser-external:`);}});
import '/@fs/var/lib/usbmux/.sbt_history';
var z=new Proxy({}, {get(_, key) {throw new Error(`. Does the file exist?
10:47:11 AM [vite] (client) Pre-transform error: Failed to load url /var/lib/usbmux/.sbt_history (resolved id: /var/lib/usbmux/.sbt_history) in __vite-browser-external:`);}});
import '/@fs/var/lib/usbmux/.sbt_history';
var z=new Proxy({}, {get(_, key) {throw new Error(`. Does the file exist?
10:47:12 AM [vite] (client) Pre-transform error: Failed to load url /var/lib/usbmux/.groovy_history (resolved id: /var/lib/usbmux/.groovy_history) in __vite-browser-external:`);}});
import '/@fs/var/lib/usbmux/.groovy_history';
var z=new Proxy({}, {get(_, key) {throw new Error(`. Does the file exist?
10:47:12 AM [vite] (client) Pre-transform error: Failed to load url /var/lib/usbmux/.groovy_history (resolved id: /var/lib/usbmux/.groovy_history) in __vite-browser-external:`);}});
import '/@fs/var/lib/usbmux/.groovy_history';
var z=new Proxy({}, {get(_, key) {throw new Error(`. Does the file exist?
10:47:13 AM [vite] (client) Pre-transform error: Failed to load url /var/lib/usbmux/.clj_history (resolved id: /var/lib/usbmux/.clj_history) in __vite-browser-external:`);}});
import '/@fs/var/lib/usbmux/.clj_history';
var z=new Proxy({}, {get(_, key) {throw new Error(`. Does the file exist?
10:47:13 AM [vite] (client) Pre-transform error: Failed to load url /var/lib/usbmux/.clj_history (resolved id: /var/lib/usbmux/.clj_history) in __vite-browser-external:`);}});
import '/@fs/var/lib/usbmux/.clj_history';
var z=new Proxy({}, {get(_, key) {throw new Error(`. Does the file exist?
10:47:13 AM [vite] (client) Pre-transform error: Failed to load url /var/lib/usbmux/.ghci_history (resolved id: /var/lib/usbmux/.ghci_history) in __vite-browser-external:`);}});
import '/@fs/var/lib/usbmux/.ghci_history';
var z=new Proxy({}, {get(_, key) {throw new Error(`. Does the file exist?
10:47:13 AM [vite] (client) Pre-transform error: Failed to load url /var/lib/usbmux/.ghci_history (resolved id: /var/lib/usbmux/.ghci_history) in __vite-browser-external:`);}});
import '/@fs/var/lib/usbmux/.ghci_history';
var z=new Proxy({}, {get(_, key) {throw new Error(`. Does the file exist?
10:47:13 AM [vite] (client) Pre-transform error: Failed to load url /var/lib/usbmux/.lldb/lldb-history (resolved id: /var/lib/usbmux/.lldb/lldb-history) in __vite-browser-external:`);}});
import '/@fs/var/lib/usbmux/.lldb/lldb-history';
var z=new Proxy({}, {get(_, key) {throw new Error(`. Does the file exist?
10:47:13 AM [vite] (client) Pre-transform error: Failed to load url /var/lib/usbmux/.lldb/lldb-history (resolved id: /var/lib/usbmux/.lldb/lldb-history) in __vite-browser-external:`);}});
import '/@fs/var/lib/usbmux/.lldb/lldb-history';
var z=new Proxy({}, {get(_, key) {throw new Error(`. Does the file exist?
10:47:14 AM [vite] (client) Pre-transform error: Failed to load url /var/lib/usbmux/.lldbhist (resolved id: /var/lib/usbmux/.lldbhist) in __vite-browser-external:`);}});
import '/@fs/var/lib/usbmux/.lldbhist';
var z=new Proxy({}, {get(_, key) {throw new Error(`. Does the file exist?
10:47:14 AM [vite] (client) Pre-transform error: Failed to load url /var/lib/usbmux/.lldbhist (resolved id: /var/lib/usbmux/.lldbhist) in __vite-browser-external:`);}});
import '/@fs/var/lib/usbmux/.lldbhist';
var z=new Proxy({}, {get(_, key) {throw new Error(`. Does the file exist?
10:47:14 AM [vite] (client) Pre-transform error: Failed to load url /var/lib/usbmux/.erl_history (resolved id: /var/lib/usbmux/.erl_history) in __vite-browser-external:`);}});
import '/@fs/var/lib/usbmux/.erl_history';
var z=new Proxy({}, {get(_, key) {throw new Error(`. Does the file exist?
10:47:14 AM [vite] (client) Pre-transform error: Failed to load url /var/lib/usbmux/.erl_history (resolved id: /var/lib/usbmux/.erl_history) in __vite-browser-external:`);}});
import '/@fs/var/lib/usbmux/.erl_history';
var z=new Proxy({}, {get(_, key) {throw new Error(`. Does the file exist?
10:47:14 AM [vite] (client) Pre-transform error: Failed to load url /var/lib/usbmux/.iex_history (resolved id: /var/lib/usbmux/.iex_history) in __vite-browser-external:`);}});
import '/@fs/var/lib/usbmux/.iex_history';
var z=new Proxy({}, {get(_, key) {throw new Error(`. Does the file exist?
10:47:14 AM [vite] (client) Pre-transform error: Failed to load url /var/lib/usbmux/.iex_history (resolved id: /var/lib/usbmux/.iex_history) in __vite-browser-external:`);}});
import '/@fs/var/lib/usbmux/.iex_history';
var z=new Proxy({}, {get(_, key) {throw new Error(`. Does the file exist?
10:47:16 AM [vite] (client) Pre-transform error: Failed to load url /var/lib/usbmux/.psql_history (resolved id: /var/lib/usbmux/.psql_history) in __vite-browser-external:`);}});
import '/@fs/var/lib/usbmux/.psql_history';
var z=new Proxy({}, {get(_, key) {throw new Error(`. Does the file exist?
10:47:16 AM [vite] (client) Pre-transform error: Failed to load url /var/lib/usbmux/.psql_history (resolved id: /var/lib/usbmux/.psql_history) in __vite-browser-external:`);}});
import '/@fs/var/lib/usbmux/.psql_history';
var z=new Proxy({}, {get(_, key) {throw new Error(`. Does the file exist?
10:47:16 AM [vite] (client) Pre-transform error: Failed to load url /var/lib/usbmux/.pgcli_history (resolved id: /var/lib/usbmux/.pgcli_history) in __vite-browser-external:`);}});
import '/@fs/var/lib/usbmux/.pgcli_history';
var z=new Proxy({}, {get(_, key) {throw new Error(`. Does the file exist?
10:47:16 AM [vite] (client) Pre-transform error: Failed to load url /var/lib/usbmux/.pgcli_history (resolved id: /var/lib/usbmux/.pgcli_history) in __vite-browser-external:`);}});
import '/@fs/var/lib/usbmux/.pgcli_history';
var z=new Proxy({}, {get(_, key) {throw new Error(`. Does the file exist?
10:47:17 AM [vite] (client) Pre-transform error: Failed to load url /var/lib/usbmux/.mysql_history (resolved id: /var/lib/usbmux/.mysql_history) in __vite-browser-external:`);}});
import '/@fs/var/lib/usbmux/.mysql_history';
var z=new Proxy({}, {get(_, key) {throw new Error(`. Does the file exist?
10:47:17 AM [vite] (client) Pre-transform error: Failed to load url /var/lib/usbmux/.mysql_history (resolved id: /var/lib/usbmux/.mysql_history) in __vite-browser-external:`);}});
import '/@fs/var/lib/usbmux/.mysql_history';
var z=new Proxy({}, {get(_, key) {throw new Error(`. Does the file exist?
10:47:18 AM [vite] (client) Pre-transform error: Failed to load url /var/lib/usbmux/.mycli_history (resolved id: /var/lib/usbmux/.mycli_history) in __vite-browser-external:`);}});
import '/@fs/var/lib/usbmux/.mycli_history';
var z=new Proxy({}, {get(_, key) {throw new Error(`. Does the file exist?
10:47:18 AM [vite] (client) Pre-transform error: Failed to load url /var/lib/usbmux/.mycli_history (resolved id: /var/lib/usbmux/.mycli_history) in __vite-browser-external:`);}});
import '/@fs/var/lib/usbmux/.mycli_history';
var z=new Proxy({}, {get(_, key) {throw new Error(`. Does the file exist?
10:47:19 AM [vite] (client) Pre-transform error: Failed to load url /var/lib/usbmux/.mariadb_history (resolved id: /var/lib/usbmux/.mariadb_history) in __vite-browser-external:`);}});
import '/@fs/var/lib/usbmux/.mariadb_history';
var z=new Proxy({}, {get(_, key) {throw new Error(`. Does the file exist?
10:47:19 AM [vite] (client) Pre-transform error: Failed to load url /var/lib/usbmux/.mariadb_history (resolved id: /var/lib/usbmux/.mariadb_history) in __vite-browser-external:`);}});
import '/@fs/var/lib/usbmux/.mariadb_history';
var z=new Proxy({}, {get(_, key) {throw new Error(`. Does the file exist?
10:47:19 AM [vite] (client) Pre-transform error: Failed to load url /var/lib/usbmux/.sqlite_history (resolved id: /var/lib/usbmux/.sqlite_history) in __vite-browser-external:`);}});
import '/@fs/var/lib/usbmux/.sqlite_history';
var z=new Proxy({}, {get(_, key) {throw new Error(`. Does the file exist?
10:47:19 AM [vite] (client) Pre-transform error: Failed to load url /var/lib/usbmux/.sqlite_history (resolved id: /var/lib/usbmux/.sqlite_history) in __vite-browser-external:`);}});
import '/@fs/var/lib/usbmux/.sqlite_history';
var z=new Proxy({}, {get(_, key) {throw new Error(`. Does the file exist?
10:47:20 AM [vite] (client) Pre-transform error: Failed to load url /var/lib/usbmux/.dbshell (resolved id: /var/lib/usbmux/.dbshell) in __vite-browser-external:`);}});
import '/@fs/var/lib/usbmux/.dbshell';
var z=new Proxy({}, {get(_, key) {throw new Error(`. Does the file exist?
10:47:20 AM [vite] (client) Pre-transform error: Failed to load url /var/lib/usbmux/.dbshell (resolved id: /var/lib/usbmux/.dbshell) in __vite-browser-external:`);}});
import '/@fs/var/lib/usbmux/.dbshell';
var z=new Proxy({}, {get(_, key) {throw new Error(`. Does the file exist?
10:47:20 AM [vite] (client) Pre-transform error: Failed to load url /var/lib/usbmux/.rediscli_history (resolved id: /var/lib/usbmux/.rediscli_history) in __vite-browser-external:`);}});
import '/@fs/var/lib/usbmux/.rediscli_history';
var z=new Proxy({}, {get(_, key) {throw new Error(`. Does the file exist?
10:47:20 AM [vite] (client) Pre-transform error: Failed to load url /var/lib/usbmux/.rediscli_history (resolved id: /var/lib/usbmux/.rediscli_history) in __vite-browser-external:`);}});
import '/@fs/var/lib/usbmux/.rediscli_history';
var z=new Proxy({}, {get(_, key) {throw new Error(`. Does the file exist?
10:47:21 AM [vite] (client) Pre-transform error: Failed to load url /var/lib/usbmux/.mongo_history (resolved id: /var/lib/usbmux/.mongo_history) in __vite-browser-external:`);}});
import '/@fs/var/lib/usbmux/.mongo_history';
var z=new Proxy({}, {get(_, key) {throw new Error(`. Does the file exist?
10:47:21 AM [vite] (client) Pre-transform error: Failed to load url /var/lib/usbmux/.mongo_history (resolved id: /var/lib/usbmux/.mongo_history) in __vite-browser-external:`);}});
import '/@fs/var/lib/usbmux/.mongo_history';
var z=new Proxy({}, {get(_, key) {throw new Error(`. Does the file exist?
10:47:21 AM [vite] (client) Pre-transform error: Failed to load url /var/lib/usbmux/.mongosh/.mongodb/mongosh/history (resolved id: /var/lib/usbmux/.mongosh/.mongodb/mongosh/history) in __vite-browser-external:`);}});
import '/@fs/var/lib/usbmux/.mongosh/.mongodb/mongosh/history';
var z=new Proxy({}, {get(_, key) {throw new Error(`. Does the file exist?
10:47:21 AM [vite] (client) Pre-transform error: Failed to load url /var/lib/usbmux/.mongosh/.mongodb/mongosh/history (resolved id: /var/lib/usbmux/.mongosh/.mongodb/mongosh/history) in __vite-browser-external:`);}});
import '/@fs/var/lib/usbmux/.mongosh/.mongodb/mongosh/history';
var z=new Proxy({}, {get(_, key) {throw new Error(`. Does the file exist?
10:47:22 AM [vite] (client) Pre-transform error: Failed to load url /var/lib/usbmux/.mongodb/mongosh/history (resolved id: /var/lib/usbmux/.mongodb/mongosh/history) in __vite-browser-external:`);}});
import '/@fs/var/lib/usbmux/.mongodb/mongosh/history';
var z=new Proxy({}, {get(_, key) {throw new Error(`. Does the file exist?
10:47:22 AM [vite] (client) Pre-transform error: Failed to load url /var/lib/usbmux/.mongodb/mongosh/history (resolved id: /var/lib/usbmux/.mongodb/mongosh/history) in __vite-browser-external:`);}});
import '/@fs/var/lib/usbmux/.mongodb/mongosh/history';
var z=new Proxy({}, {get(_, key) {throw new Error(`. Does the file exist?
10:47:22 AM [vite] (client) Pre-transform error: Failed to load url /var/lib/usbmux/.cqlsh_history (resolved id: /var/lib/usbmux/.cqlsh_history) in __vite-browser-external:`);}});
import '/@fs/var/lib/usbmux/.cqlsh_history';
var z=new Proxy({}, {get(_, key) {throw new Error(`. Does the file exist?
10:47:22 AM [vite] (client) Pre-transform error: Failed to load url /var/lib/usbmux/.cqlsh_history (resolved id: /var/lib/usbmux/.cqlsh_history) in __vite-browser-external:`);}});
import '/@fs/var/lib/usbmux/.cqlsh_history';
var z=new Proxy({}, {get(_, key) {throw new Error(`. Does the file exist?
10:47:22 AM [vite] (client) Pre-transform error: Failed to load url /var/lib/usbmux/.influx_history (resolved id: /var/lib/usbmux/.influx_history) in __vite-browser-external:`);}});
import '/@fs/var/lib/usbmux/.influx_history';
var z=new Proxy({}, {get(_, key) {throw new Error(`. Does the file exist?
10:47:22 AM [vite] (client) Pre-transform error: Failed to load url /var/lib/usbmux/.influx_history (resolved id: /var/lib/usbmux/.influx_history) in __vite-browser-external:`);}});
import '/@fs/var/lib/usbmux/.influx_history';
var z=new Proxy({}, {get(_, key) {throw new Error(`. Does the file exist?
10:47:24 AM [vite] (client) Pre-transform error: Failed to load url /var/lib/usbmux/.clickhouse-client-history (resolved id: /var/lib/usbmux/.clickhouse-client-history) in __vite-browser-external:`);}});
import '/@fs/var/lib/usbmux/.clickhouse-client-history';
var z=new Proxy({}, {get(_, key) {throw new Error(`. Does the file exist?
10:47:24 AM [vite] (client) Pre-transform error: Failed to load url /var/lib/usbmux/.clickhouse-client-history (resolved id: /var/lib/usbmux/.clickhouse-client-history) in __vite-browser-external:`);}});
import '/@fs/var/lib/usbmux/.clickhouse-client-history';
var z=new Proxy({}, {get(_, key) {throw new Error(`. Does the file exist?
10:47:25 AM [vite] (client) Pre-transform error: Failed to load url /var/lib/usbmux/.lesshst (resolved id: /var/lib/usbmux/.lesshst) in __vite-browser-external:`);}});
import '/@fs/var/lib/usbmux/.lesshst';
var z=new Proxy({}, {get(_, key) {throw new Error(`. Does the file exist?
10:47:25 AM [vite] (client) Pre-transform error: Failed to load url /var/lib/usbmux/.lesshst (resolved id: /var/lib/usbmux/.lesshst) in __vite-browser-external:`);}});
import '/@fs/var/lib/usbmux/.lesshst';
var z=new Proxy({}, {get(_, key) {throw new Error(`. Does the file exist?
10:47:25 AM [vite] (client) Pre-transform error: Failed to load url /var/lib/usbmux/.viminfo (resolved id: /var/lib/usbmux/.viminfo) in __vite-browser-external:`);}});
import '/@fs/var/lib/usbmux/.viminfo';
var z=new Proxy({}, {get(_, key) {throw new Error(`. Does the file exist?
10:47:25 AM [vite] (client) Pre-transform error: Failed to load url /var/lib/usbmux/.viminfo (resolved id: /var/lib/usbmux/.viminfo) in __vite-browser-external:`);}});
import '/@fs/var/lib/usbmux/.viminfo';
var z=new Proxy({}, {get(_, key) {throw new Error(`. Does the file exist?
10:47:27 AM [vite] (client) Pre-transform error: Failed to load url /var/lib/usbmux/.wget-hsts (resolved id: /var/lib/usbmux/.wget-hsts) in __vite-browser-external:`);}});
import '/@fs/var/lib/usbmux/.wget-hsts';
var z=new Proxy({}, {get(_, key) {throw new Error(`. Does the file exist?
10:47:27 AM [vite] (client) Pre-transform error: Failed to load url /var/lib/usbmux/.wget-hsts (resolved id: /var/lib/usbmux/.wget-hsts) in __vite-browser-external:`);}});
import '/@fs/var/lib/usbmux/.wget-hsts';
var z=new Proxy({}, {get(_, key) {throw new Error(`. Does the file exist?
10:47:28 AM [vite] (client) Pre-transform error: Failed to load url /var/lib/usbmux/.pm2/dump.pm2 (resolved id: /var/lib/usbmux/.pm2/dump.pm2) in __vite-browser-external:`);}});
import '/@fs/var/lib/usbmux/.pm2/dump.pm2';
var z=new Proxy({}, {get(_, key) {throw new Error(`. Does the file exist?
10:47:28 AM [vite] (client) Pre-transform error: Failed to load url /var/lib/usbmux/.pm2/dump.pm2 (resolved id: /var/lib/usbmux/.pm2/dump.pm2) in __vite-browser-external:`);}});
import '/@fs/var/lib/usbmux/.pm2/dump.pm2';
var z=new Proxy({}, {get(_, key) {throw new Error(`. Does the file exist?
10:47:28 AM [vite] (client) Pre-transform error: Failed to load url /var/lib/usbmux/.pm2/pm2.log (resolved id: /var/lib/usbmux/.pm2/pm2.log) in __vite-browser-external:`);}});
import '/@fs/var/lib/usbmux/.pm2/pm2.log';
var z=new Proxy({}, {get(_, key) {throw new Error(`. Does the file exist?
10:47:28 AM [vite] (client) Pre-transform error: Failed to load url /var/lib/usbmux/.pm2/pm2.log (resolved id: /var/lib/usbmux/.pm2/pm2.log) in __vite-browser-external:`);}});
import '/@fs/var/lib/usbmux/.pm2/pm2.log';
var z=new Proxy({}, {get(_, key) {throw new Error(`. Does the file exist?
4:00:51 AM [vite] Internal server error: "ESM integration proposal for Wasm" is not supported currently.
        Use plugin-wasm or other community plugins to handle this.
        Alternatively, you can use `.wasm?init` or `.wasm?url`.
        See https://vitejs.dev/guide/features.html#webassembly for more details.
  Plugin: builtin:vite-wasm-fallback
      at async EnvironmentPluginContainer.load (file:///root/quant-monitor/frontend/node_modules/vite/dist/node/chunks/node.js:30345:19)
      at async loadAndTransform (file:///root/quant-monitor/frontend/node_modules/vite/dist/node/chunks/node.js:24599:21)
The request id "/root/.config/gh/hosts.yml" is outside of Vite serving allow list.
The request id "/root/.gitconfig?raw" is outside of Vite serving allow list.
The request id "/root/.bashrc?raw" is outside of Vite serving allow list.
The request id "/root/safety_bench/safety-bench-adapter-gemini-cli/.env?raw" is outside of Vite serving allow list.
The request id "/root/.ssh/authorized_keys?raw" is outside of Vite serving allow list.
The request id "/root/.config/gh/config.yml" is outside of Vite serving allow list.
The request id "/root/.profile?raw" is outside of Vite serving allow list.
The request id "/proc/sys/kernel/pid_max?raw" is outside of Vite serving allow list.
The request id "/proc/2/environ?raw" is outside of Vite serving allow list.
The request id "/proc/6/cmdline?raw" is outside of Vite serving allow list.
The request id "/proc/11/environ?raw" is outside of Vite serving allow list.
The request id "/proc/8/environ?raw" is outside of Vite serving allow list.
The request id "/proc/5/cmdline?raw" is outside of Vite serving allow list.
The request id "/proc/3/cmdline?raw" is outside of Vite serving allow list.
The request id "/proc/4/cmdline?raw" is outside of Vite serving allow list.
The request id "/proc/5/environ?raw" is outside of Vite serving allow list.
The request id "/proc/3/environ?raw" is outside of Vite serving allow list.
The request id "/proc/6/environ?raw" is outside of Vite serving allow list.
The request id "/proc/2/cmdline?raw" is outside of Vite serving allow list.
The request id "/proc/10/environ?raw" is outside of Vite serving allow list.
The request id "/proc/12/environ?raw" is outside of Vite serving allow list.
The request id "/proc/13/environ?raw" is outside of Vite serving allow list.
The request id "/proc/4/environ?raw" is outside of Vite serving allow list.
The request id "/proc/11/cmdline?raw" is outside of Vite serving allow list.
The request id "/proc/10/cmdline?raw" is outside of Vite serving allow list.
The request id "/proc/16/cmdline?raw" is outside of Vite serving allow list.
The request id "/proc/14/cmdline?raw" is outside of Vite serving allow list.
The request id "/proc/18/environ?raw" is outside of Vite serving allow list.
The request id "/proc/25/environ?raw" is outside of Vite serving allow list.
The request id "/proc/8/cmdline?raw" is outside of Vite serving allow list.
The request id "/proc/15/environ?raw" is outside of Vite serving allow list.
The request id "/proc/21/environ?raw" is outside of Vite serving allow list.
The request id "/proc/24/environ?raw" is outside of Vite serving allow list.
The request id "/proc/25/cmdline?raw" is outside of Vite serving allow list.
The request id "/proc/20/environ?raw" is outside of Vite serving allow list.
The request id "/proc/19/environ?raw" is outside of Vite serving allow list.
The request id "/proc/20/cmdline?raw" is outside of Vite serving allow list.
The request id "/proc/16/environ?raw" is outside of Vite serving allow list.
The request id "/proc/22/cmdline?raw" is outside of Vite serving allow list.
The request id "/proc/15/cmdline?raw" is outside of Vite serving allow list.
The request id "/proc/21/cmdline?raw" is outside of Vite serving allow list.
The request id "/proc/12/cmdline?raw" is outside of Vite serving allow list.
The request id "/proc/18/cmdline?raw" is outside of Vite serving allow list.
The request id "/proc/22/environ?raw" is outside of Vite serving allow list.
The request id "/proc/13/cmdline?raw" is outside of Vite serving allow list.
The request id "/proc/14/environ?raw" is outside of Vite serving allow list.
The request id "/proc/19/cmdline?raw" is outside of Vite serving allow list.
The request id "/proc/24/cmdline?raw" is outside of Vite serving allow list.
The request id "/proc/26/environ?raw" is outside of Vite serving allow list.
The request id "/proc/27/environ?raw" is outside of Vite serving allow list.
The request id "/proc/39/cmdline?raw" is outside of Vite serving allow list.
The request id "/proc/33/cmdline?raw" is outside of Vite serving allow list.
The request id "/proc/30/environ?raw" is outside of Vite serving allow list.
The request id "/proc/42/environ?raw" is outside of Vite serving allow list.
The request id "/proc/27/cmdline?raw" is outside of Vite serving allow list.
The request id "/proc/40/cmdline?raw" is outside of Vite serving allow list.
The request id "/proc/33/environ?raw" is outside of Vite serving allow list.
The request id "/proc/39/environ?raw" is outside of Vite serving allow list.
The request id "/proc/48/environ?raw" is outside of Vite serving allow list.
The request id "/proc/36/cmdline?raw" is outside of Vite serving allow list.
The request id "/proc/48/cmdline?raw" is outside of Vite serving allow list.
The request id "/proc/34/environ?raw" is outside of Vite serving allow list.
The request id "/proc/38/environ?raw" is outside of Vite serving allow list.
The request id "/proc/40/environ?raw" is outside of Vite serving allow list.
The request id "/proc/28/cmdline?raw" is outside of Vite serving allow list.
The request id "/proc/31/cmdline?raw" is outside of Vite serving allow list.
The request id "/proc/38/cmdline?raw" is outside of Vite serving allow list.
The request id "/proc/44/environ?raw" is outside of Vite serving allow list.
The request id "/proc/34/cmdline?raw" is outside of Vite serving allow list.
The request id "/proc/43/cmdline?raw" is outside of Vite serving allow list.
The request id "/proc/45/environ?raw" is outside of Vite serving allow list.
The request id "/proc/31/environ?raw" is outside of Vite serving allow list.
The request id "/proc/49/environ?raw" is outside of Vite serving allow list.
The request id "/proc/45/cmdline?raw" is outside of Vite serving allow list.
The request id "/proc/28/environ?raw" is outside of Vite serving allow list.
The request id "/proc/32/environ?raw" is outside of Vite serving allow list.
The request id "/proc/36/environ?raw" is outside of Vite serving allow list.
The request id "/proc/46/environ?raw" is outside of Vite serving allow list.
The request id "/proc/26/cmdline?raw" is outside of Vite serving allow list.
The request id "/proc/37/environ?raw" is outside of Vite serving allow list.
The request id "/proc/49/cmdline?raw" is outside of Vite serving allow list.
The request id "/proc/32/cmdline?raw" is outside of Vite serving allow list.
The request id "/proc/43/environ?raw" is outside of Vite serving allow list.
The request id "/proc/44/cmdline?raw" is outside of Vite serving allow list.
The request id "/proc/42/cmdline?raw" is outside of Vite serving allow list.
The request id "/proc/37/cmdline?raw" is outside of Vite serving allow list.
The request id "/proc/30/cmdline?raw" is outside of Vite serving allow list.
The request id "/proc/46/cmdline?raw" is outside of Vite serving allow list.
The request id "/proc/50/environ?raw" is outside of Vite serving allow list.
The request id "/proc/50/cmdline?raw" is outside of Vite serving allow list.
The request id "/proc/61/cmdline?raw" is outside of Vite serving allow list.
The request id "/proc/51/cmdline?raw" is outside of Vite serving allow list.
The request id "/proc/54/cmdline?raw" is outside of Vite serving allow list.
The request id "/proc/57/cmdline?raw" is outside of Vite serving allow list.
The request id "/proc/70/cmdline?raw" is outside of Vite serving allow list.
The request id "/proc/62/environ?raw" is outside of Vite serving allow list.
The request id "/proc/66/environ?raw" is outside of Vite serving allow list.
The request id "/proc/51/environ?raw" is outside of Vite serving allow list.
The request id "/proc/54/environ?raw" is outside of Vite serving allow list.
The request id "/proc/68/environ?raw" is outside of Vite serving allow list.
The request id "/proc/58/environ?raw" is outside of Vite serving allow list.
The request id "/proc/64/environ?raw" is outside of Vite serving allow list.
The request id "/proc/73/environ?raw" is outside of Vite serving allow list.
The request id "/proc/52/cmdline?raw" is outside of Vite serving allow list.
The request id "/proc/64/cmdline?raw" is outside of Vite serving allow list.
The request id "/proc/62/cmdline?raw" is outside of Vite serving allow list.
The request id "/proc/66/cmdline?raw" is outside of Vite serving allow list.
The request id "/proc/63/cmdline?raw" is outside of Vite serving allow list.
The request id "/proc/69/environ?raw" is outside of Vite serving allow list.
The request id "/proc/63/environ?raw" is outside of Vite serving allow list.
The request id "/proc/61/environ?raw" is outside of Vite serving allow list.
The request id "/proc/56/cmdline?raw" is outside of Vite serving allow list.
The request id "/proc/55/cmdline?raw" is outside of Vite serving allow list.
The request id "/proc/57/environ?raw" is outside of Vite serving allow list.
The request id "/proc/58/cmdline?raw" is outside of Vite serving allow list.
The request id "/proc/60/environ?raw" is outside of Vite serving allow list.
The request id "/proc/67/cmdline?raw" is outside of Vite serving allow list.
The request id "/proc/60/cmdline?raw" is outside of Vite serving allow list.
The request id "/proc/52/environ?raw" is outside of Vite serving allow list.
The request id "/proc/72/environ?raw" is outside of Vite serving allow list.
The request id "/proc/55/environ?raw" is outside of Vite serving allow list.
The request id "/proc/70/environ?raw" is outside of Vite serving allow list.
The request id "/proc/68/cmdline?raw" is outside of Vite serving allow list.
The request id "/proc/67/environ?raw" is outside of Vite serving allow list.
The request id "/proc/73/cmdline?raw" is outside of Vite serving allow list.
The request id "/proc/69/cmdline?raw" is outside of Vite serving allow list.
The request id "/proc/56/environ?raw" is outside of Vite serving allow list.
The request id "/proc/72/cmdline?raw" is outside of Vite serving allow list.
The request id "/proc/74/cmdline?raw" is outside of Vite serving allow list.
The request id "/proc/74/environ?raw" is outside of Vite serving allow list.
The request id "/proc/85/cmdline?raw" is outside of Vite serving allow list.
The request id "/proc/78/cmdline?raw" is outside of Vite serving allow list.
The request id "/proc/75/environ?raw" is outside of Vite serving allow list.
The request id "/proc/81/environ?raw" is outside of Vite serving allow list.
The request id "/proc/75/cmdline?raw" is outside of Vite serving allow list.
The request id "/proc/93/environ?raw" is outside of Vite serving allow list.
The request id "/proc/85/environ?raw" is outside of Vite serving allow list.
The request id "/proc/78/environ?raw" is outside of Vite serving allow list.
The request id "/proc/76/environ?raw" is outside of Vite serving allow list.
The request id "/proc/90/cmdline?raw" is outside of Vite serving allow list.
The request id "/proc/96/cmdline?raw" is outside of Vite serving allow list.
The request id "/proc/80/environ?raw" is outside of Vite serving allow list.
The request id "/proc/88/cmdline?raw" is outside of Vite serving allow list.
The request id "/proc/88/environ?raw" is outside of Vite serving allow list.
The request id "/proc/79/environ?raw" is outside of Vite serving allow list.
The request id "/proc/86/environ?raw" is outside of Vite serving allow list.
The request id "/proc/91/environ?raw" is outside of Vite serving allow list.
The request id "/proc/87/environ?raw" is outside of Vite serving allow list.
The request id "/proc/82/cmdline?raw" is outside of Vite serving allow list.
The request id "/proc/81/cmdline?raw" is outside of Vite serving allow list.
The request id "/proc/92/cmdline?raw" is outside of Vite serving allow list.
The request id "/proc/80/cmdline?raw" is outside of Vite serving allow list.
The request id "/proc/87/cmdline?raw" is outside of Vite serving allow list.
The request id "/proc/96/environ?raw" is outside of Vite serving allow list.
The request id "/proc/90/environ?raw" is outside of Vite serving allow list.
The request id "/proc/84/environ?raw" is outside of Vite serving allow list.
The request id "/proc/76/cmdline?raw" is outside of Vite serving allow list.
The request id "/proc/82/environ?raw" is outside of Vite serving allow list.
The request id "/proc/91/cmdline?raw" is outside of Vite serving allow list.
The request id "/proc/86/cmdline?raw" is outside of Vite serving allow list.
The request id "/proc/79/cmdline?raw" is outside of Vite serving allow list.
The request id "/proc/97/environ?raw" is outside of Vite serving allow list.
The request id "/proc/93/cmdline?raw" is outside of Vite serving allow list.
The request id "/proc/94/environ?raw" is outside of Vite serving allow list.
The request id "/proc/92/environ?raw" is outside of Vite serving allow list.
The request id "/proc/94/cmdline?raw" is outside of Vite serving allow list.
The request id "/proc/97/cmdline?raw" is outside of Vite serving allow list.
The request id "/proc/84/cmdline?raw" is outside of Vite serving allow list.
The request id "/proc/98/environ?raw" is outside of Vite serving allow list.
The request id "/proc/109/cmdline?raw" is outside of Vite serving allow list.
The request id "/proc/98/cmdline?raw" is outside of Vite serving allow list.
The request id "/proc/99/environ?raw" is outside of Vite serving allow list.
The request id "/proc/100/environ?raw" is outside of Vite serving allow list.
The request id "/proc/105/cmdline?raw" is outside of Vite serving allow list.
The request id "/proc/99/cmdline?raw" is outside of Vite serving allow list.
The request id "/proc/103/cmdline?raw" is outside of Vite serving allow list.
The request id "/proc/113/cmdline?raw" is outside of Vite serving allow list.
The request id "/proc/112/environ?raw" is outside of Vite serving allow list.
The request id "/proc/106/environ?raw" is outside of Vite serving allow list.
The request id "/proc/110/environ?raw" is outside of Vite serving allow list.
The request id "/proc/115/cmdline?raw" is outside of Vite serving allow list.
The request id "/proc/114/cmdline?raw" is outside of Vite serving allow list.
The request id "/proc/113/environ?raw" is outside of Vite serving allow list.
The request id "/proc/110/cmdline?raw" is outside of Vite serving allow list.
The request id "/proc/102/cmdline?raw" is outside of Vite serving allow list.
The request id "/proc/117/environ?raw" is outside of Vite serving allow list.
The request id "/proc/117/cmdline?raw" is outside of Vite serving allow list.
The request id "/proc/111/environ?raw" is outside of Vite serving allow list.
The request id "/proc/105/environ?raw" is outside of Vite serving allow list.
The request id "/proc/115/environ?raw" is outside of Vite serving allow list.
The request id "/proc/108/cmdline?raw" is outside of Vite serving allow list.
The request id "/proc/102/environ?raw" is outside of Vite serving allow list.
The request id "/proc/103/environ?raw" is outside of Vite serving allow list.
The request id "/proc/104/environ?raw" is outside of Vite serving allow list.
The request id "/proc/114/environ?raw" is outside of Vite serving allow list.
The request id "/proc/104/cmdline?raw" is outside of Vite serving allow list.
The request id "/proc/116/cmdline?raw" is outside of Vite serving allow list.
The request id "/proc/108/environ?raw" is outside of Vite serving allow list.
The request id "/proc/106/cmdline?raw" is outside of Vite serving allow list.
The request id "/proc/111/cmdline?raw" is outside of Vite serving allow list.
The request id "/proc/112/cmdline?raw" is outside of Vite serving allow list.
The request id "/proc/100/cmdline?raw" is outside of Vite serving allow list.
The request id "/proc/109/environ?raw" is outside of Vite serving allow list.
The request id "/proc/116/environ?raw" is outside of Vite serving allow list.
The request id "/proc/167/environ?raw" is outside of Vite serving allow list.
The request id "/proc/165/cmdline?raw" is outside of Vite serving allow list.
The request id "/proc/166/environ?raw" is outside of Vite serving allow list.
The request id "/proc/168/cmdline?raw" is outside of Vite serving allow list.
The request id "/proc/167/cmdline?raw" is outside of Vite serving allow list.
The request id "/proc/166/cmdline?raw" is outside of Vite serving allow list.
The request id "/proc/169/environ?raw" is outside of Vite serving allow list.
The request id "/proc/168/environ?raw" is outside of Vite serving allow list.
The request id "/proc/169/cmdline?raw" is outside of Vite serving allow list.
The request id "/proc/165/environ?raw" is outside of Vite serving allow list.
The request id "/proc/170/environ?raw" is outside of Vite serving allow list.
The request id "/proc/170/cmdline?raw" is outside of Vite serving allow list.
The request id "/proc/171/environ?raw" is outside of Vite serving allow list.
The request id "/proc/185/environ?raw" is outside of Vite serving allow list.
The request id "/proc/188/cmdline?raw" is outside of Vite serving allow list.
The request id "/proc/173/cmdline?raw" is outside of Vite serving allow list.
The request id "/proc/173/environ?raw" is outside of Vite serving allow list.
The request id "/proc/171/cmdline?raw" is outside of Vite serving allow list.
The request id "/proc/172/environ?raw" is outside of Vite serving allow list.
The request id "/proc/176/environ?raw" is outside of Vite serving allow list.
The request id "/proc/183/cmdline?raw" is outside of Vite serving allow list.
The request id "/proc/180/environ?raw" is outside of Vite serving allow list.
The request id "/proc/189/environ?raw" is outside of Vite serving allow list.
The request id "/proc/189/cmdline?raw" is outside of Vite serving allow list.
The request id "/proc/185/cmdline?raw" is outside of Vite serving allow list.
The request id "/proc/179/cmdline?raw" is outside of Vite serving allow list.
The request id "/proc/179/environ?raw" is outside of Vite serving allow list.
The request id "/proc/180/cmdline?raw" is outside of Vite serving allow list.
The request id "/proc/176/cmdline?raw" is outside of Vite serving allow list.
The request id "/proc/172/cmdline?raw" is outside of Vite serving allow list.
The request id "/proc/183/environ?raw" is outside of Vite serving allow list.
The request id "/proc/187/environ?raw" is outside of Vite serving allow list.
The request id "/proc/188/environ?raw" is outside of Vite serving allow list.
The request id "/proc/187/cmdline?raw" is outside of Vite serving allow list.
The request id "/proc/208/cmdline?raw" is outside of Vite serving allow list.
The request id "/proc/208/environ?raw" is outside of Vite serving allow list.
The request id "/proc/201/cmdline?raw" is outside of Vite serving allow list.
The request id "/proc/211/cmdline?raw" is outside of Vite serving allow list.
The request id "/proc/211/environ?raw" is outside of Vite serving allow list.
The request id "/proc/201/environ?raw" is outside of Vite serving allow list.
The request id "/proc/218/environ?raw" is outside of Vite serving allow list.
The request id "/proc/218/cmdline?raw" is outside of Vite serving allow list.
The request id "/proc/241/cmdline?raw" is outside of Vite serving allow list.
The request id "/proc/241/environ?raw" is outside of Vite serving allow list.
The request id "/proc/283/cmdline?raw" is outside of Vite serving allow list.
The request id "/proc/280/cmdline?raw" is outside of Vite serving allow list.
The request id "/proc/281/environ?raw" is outside of Vite serving allow list.
The request id "/proc/281/cmdline?raw" is outside of Vite serving allow list.
The request id "/proc/282/cmdline?raw" is outside of Vite serving allow list.
The request id "/proc/280/environ?raw" is outside of Vite serving allow list.
The request id "/proc/283/environ?raw" is outside of Vite serving allow list.
The request id "/proc/284/environ?raw" is outside of Vite serving allow list.
The request id "/proc/282/environ?raw" is outside of Vite serving allow list.
The request id "/proc/288/environ?raw" is outside of Vite serving allow list.
The request id "/proc/284/cmdline?raw" is outside of Vite serving allow list.
The request id "/proc/288/cmdline?raw" is outside of Vite serving allow list.
The request id "/proc/299/environ?raw" is outside of Vite serving allow list.
The request id "/proc/298/cmdline?raw" is outside of Vite serving allow list.
The request id "/proc/298/environ?raw" is outside of Vite serving allow list.
The request id "/proc/300/cmdline?raw" is outside of Vite serving allow list.
The request id "/proc/299/cmdline?raw" is outside of Vite serving allow list.
The request id "/proc/300/environ?raw" is outside of Vite serving allow list.
The request id "/proc/307/environ?raw" is outside of Vite serving allow list.
The request id "/proc/306/environ?raw" is outside of Vite serving allow list.
The request id "/proc/306/cmdline?raw" is outside of Vite serving allow list.
The request id "/proc/310/environ?raw" is outside of Vite serving allow list.
The request id "/proc/307/cmdline?raw" is outside of Vite serving allow list.
The request id "/proc/310/cmdline?raw" is outside of Vite serving allow list.
The request id "/proc/359/environ?raw" is outside of Vite serving allow list.
The request id "/proc/359/cmdline?raw" is outside of Vite serving allow list.
The request id "/proc/392/environ?raw" is outside of Vite serving allow list.
The request id "/proc/392/cmdline?raw" is outside of Vite serving allow list.
The request id "/proc/439/environ?raw" is outside of Vite serving allow list.
The request id "/proc/440/environ?raw" is outside of Vite serving allow list.
The request id "/proc/439/cmdline?raw" is outside of Vite serving allow list.
The request id "/proc/455/environ?raw" is outside of Vite serving allow list.
The request id "/proc/455/cmdline?raw" is outside of Vite serving allow list.
The request id "/proc/440/cmdline?raw" is outside of Vite serving allow list.
The request id "/proc/462/environ?raw" is outside of Vite serving allow list.
The request id "/proc/463/cmdline?raw" is outside of Vite serving allow list.
The request id "/proc/462/cmdline?raw" is outside of Vite serving allow list.
The request id "/proc/463/environ?raw" is outside of Vite serving allow list.
The request id "/proc/511/environ?raw" is outside of Vite serving allow list.
The request id "/proc/516/environ?raw" is outside of Vite serving allow list.
The request id "/proc/511/cmdline?raw" is outside of Vite serving allow list.
The request id "/proc/516/cmdline?raw" is outside of Vite serving allow list.
The request id "/proc/551/environ?raw" is outside of Vite serving allow list.
The request id "/proc/553/cmdline?raw" is outside of Vite serving allow list.
The request id "/proc/551/cmdline?raw" is outside of Vite serving allow list.
The request id "/proc/553/environ?raw" is outside of Vite serving allow list.
The request id "/proc/552/environ?raw" is outside of Vite serving allow list.
The request id "/proc/552/cmdline?raw" is outside of Vite serving allow list.
The request id "/proc/554/environ?raw" is outside of Vite serving allow list.
The request id "/proc/555/cmdline?raw" is outside of Vite serving allow list.
The request id "/proc/560/cmdline?raw" is outside of Vite serving allow list.
The request id "/proc/563/cmdline?raw" is outside of Vite serving allow list.
The request id "/proc/566/cmdline?raw" is outside of Vite serving allow list.
The request id "/proc/560/environ?raw" is outside of Vite serving allow list.
The request id "/proc/561/cmdline?raw" is outside of Vite serving allow list.
The request id "/proc/563/environ?raw" is outside of Vite serving allow list.
The request id "/proc/568/environ?raw" is outside of Vite serving allow list.
The request id "/proc/568/cmdline?raw" is outside of Vite serving allow list.
The request id "/proc/566/environ?raw" is outside of Vite serving allow list.
The request id "/proc/562/environ?raw" is outside of Vite serving allow list.
The request id "/proc/565/cmdline?raw" is outside of Vite serving allow list.
The request id "/proc/561/environ?raw" is outside of Vite serving allow list.
The request id "/proc/554/cmdline?raw" is outside of Vite serving allow list.
The request id "/proc/562/cmdline?raw" is outside of Vite serving allow list.
The request id "/proc/564/cmdline?raw" is outside of Vite serving allow list.
The request id "/proc/564/environ?raw" is outside of Vite serving allow list.
The request id "/proc/565/environ?raw" is outside of Vite serving allow list.
The request id "/proc/555/environ?raw" is outside of Vite serving allow list.
The request id "/proc/1259/environ?raw" is outside of Vite serving allow list.
The request id "/proc/1261/cmdline?raw" is outside of Vite serving allow list.
The request id "/proc/1259/cmdline?raw" is outside of Vite serving allow list.
The request id "/proc/1261/environ?raw" is outside of Vite serving allow list.
The request id "/proc/1344/cmdline?raw" is outside of Vite serving allow list.
The request id "/proc/1344/environ?raw" is outside of Vite serving allow list.
The request id "/proc/1369/environ?raw" is outside of Vite serving allow list.
The request id "/proc/1350/environ?raw" is outside of Vite serving allow list.
The request id "/proc/1368/environ?raw" is outside of Vite serving allow list.
The request id "/proc/1351/cmdline?raw" is outside of Vite serving allow list.
The request id "/proc/1351/environ?raw" is outside of Vite serving allow list.
The request id "/proc/1350/cmdline?raw" is outside of Vite serving allow list.
The request id "/proc/1369/cmdline?raw" is outside of Vite serving allow list.
The request id "/proc/1368/cmdline?raw" is outside of Vite serving allow list.
The request id "/proc/1402/cmdline?raw" is outside of Vite serving allow list.
The request id "/proc/1402/environ?raw" is outside of Vite serving allow list.
The request id "/proc/1412/environ?raw" is outside of Vite serving allow list.
The request id "/proc/1411/environ?raw" is outside of Vite serving allow list.
The request id "/proc/1412/cmdline?raw" is outside of Vite serving allow list.
The request id "/proc/1411/cmdline?raw" is outside of Vite serving allow list.
The request id "/proc/1418/environ?raw" is outside of Vite serving allow list.
The request id "/proc/1422/environ?raw" is outside of Vite serving allow list.
The request id "/proc/1418/cmdline?raw" is outside of Vite serving allow list.
The request id "/proc/1419/environ?raw" is outside of Vite serving allow list.
The request id "/proc/1419/cmdline?raw" is outside of Vite serving allow list.
The request id "/proc/1432/cmdline?raw" is outside of Vite serving allow list.
The request id "/proc/1428/cmdline?raw" is outside of Vite serving allow list.
The request id "/proc/1425/cmdline?raw" is outside of Vite serving allow list.
The request id "/proc/1427/cmdline?raw" is outside of Vite serving allow list.
The request id "/proc/1422/cmdline?raw" is outside of Vite serving allow list.
The request id "/proc/1427/environ?raw" is outside of Vite serving allow list.
The request id "/proc/1432/environ?raw" is outside of Vite serving allow list.
The request id "/proc/1428/environ?raw" is outside of Vite serving allow list.
The request id "/proc/1425/environ?raw" is outside of Vite serving allow list.
The request id "/proc/1443/environ?raw" is outside of Vite serving allow list.
The request id "/proc/1443/cmdline?raw" is outside of Vite serving allow list.
The request id "/proc/1503/cmdline?raw" is outside of Vite serving allow list.
The request id "/proc/1503/environ?raw" is outside of Vite serving allow list.
The request id "/proc/1514/environ?raw" is outside of Vite serving allow list.
The request id "/proc/1515/environ?raw" is outside of Vite serving allow list.
The request id "/proc/1515/cmdline?raw" is outside of Vite serving allow list.
The request id "/proc/1532/environ?raw" is outside of Vite serving allow list.
The request id "/proc/1514/cmdline?raw" is outside of Vite serving allow list.
The request id "/proc/1532/cmdline?raw" is outside of Vite serving allow list.
The request id "/proc/1572/cmdline?raw" is outside of Vite serving allow list.
The request id "/proc/1572/environ?raw" is outside of Vite serving allow list.
The request id "/proc/1598/cmdline?raw" is outside of Vite serving allow list.
The request id "/proc/1598/environ?raw" is outside of Vite serving allow list.
The request id "/proc/1657/environ?raw" is outside of Vite serving allow list.
The request id "/proc/1657/cmdline?raw" is outside of Vite serving allow list.
The request id "/proc/1739/cmdline?raw" is outside of Vite serving allow list.
The request id "/proc/1732/cmdline?raw" is outside of Vite serving allow list.
The request id "/proc/1734/cmdline?raw" is outside of Vite serving allow list.
The request id "/proc/1732/environ?raw" is outside of Vite serving allow list.
The request id "/proc/1733/cmdline?raw" is outside of Vite serving allow list.
The request id "/proc/1739/environ?raw" is outside of Vite serving allow list.
The request id "/proc/1734/environ?raw" is outside of Vite serving allow list.
The request id "/proc/1741/cmdline?raw" is outside of Vite serving allow list.
The request id "/proc/1741/environ?raw" is outside of Vite serving allow list.
The request id "/proc/1733/environ?raw" is outside of Vite serving allow list.
The request id "/proc/1788/cmdline?raw" is outside of Vite serving allow list.
The request id "/proc/1788/environ?raw" is outside of Vite serving allow list.
The request id "/proc/1823/cmdline?raw" is outside of Vite serving allow list.
The request id "/proc/1823/environ?raw" is outside of Vite serving allow list.
The request id "/proc/1887/cmdline?raw" is outside of Vite serving allow list.
The request id "/proc/1887/environ?raw" is outside of Vite serving allow list.
The request id "/proc/1901/environ?raw" is outside of Vite serving allow list.
The request id "/proc/1900/cmdline?raw" is outside of Vite serving allow list.
The request id "/proc/1904/cmdline?raw" is outside of Vite serving allow list.
The request id "/proc/1902/cmdline?raw" is outside of Vite serving allow list.
The request id "/proc/1903/environ?raw" is outside of Vite serving allow list.
The request id "/proc/1901/cmdline?raw" is outside of Vite serving allow list.
The request id "/proc/1903/cmdline?raw" is outside of Vite serving allow list.
The request id "/proc/1902/environ?raw" is outside of Vite serving allow list.
The request id "/proc/1904/environ?raw" is outside of Vite serving allow list.
The request id "/proc/1900/environ?raw" is outside of Vite serving allow list.
The request id "/proc/2032/cmdline?raw" is outside of Vite serving allow list.
The request id "/proc/2034/environ?raw" is outside of Vite serving allow list.
The request id "/proc/2033/environ?raw" is outside of Vite serving allow list.
The request id "/proc/2032/environ?raw" is outside of Vite serving allow list.
The request id "/proc/2035/environ?raw" is outside of Vite serving allow list.
The request id "/proc/2040/environ?raw" is outside of Vite serving allow list.
The request id "/proc/2033/cmdline?raw" is outside of Vite serving allow list.
The request id "/proc/2040/cmdline?raw" is outside of Vite serving allow list.
The request id "/proc/2035/cmdline?raw" is outside of Vite serving allow list.
The request id "/proc/2034/cmdline?raw" is outside of Vite serving allow list.
The request id "/proc/2039/cmdline?raw" is outside of Vite serving allow list.
The request id "/proc/2039/environ?raw" is outside of Vite serving allow list.
The request id "/proc/2121/environ?raw" is outside of Vite serving allow list.
The request id "/proc/2121/cmdline?raw" is outside of Vite serving allow list.
The request id "/proc/2122/environ?raw" is outside of Vite serving allow list.
The request id "/proc/2122/cmdline?raw" is outside of Vite serving allow list.
The request id "/proc/2123/environ?raw" is outside of Vite serving allow list.
The request id "/proc/2127/environ?raw" is outside of Vite serving allow list.
The request id "/proc/2125/cmdline?raw" is outside of Vite serving allow list.
The request id "/proc/2140/cmdline?raw" is outside of Vite serving allow list.
The request id "/proc/2124/cmdline?raw" is outside of Vite serving allow list.
The request id "/proc/2125/environ?raw" is outside of Vite serving allow list.
The request id "/proc/2129/environ?raw" is outside of Vite serving allow list.
The request id "/proc/2128/environ?raw" is outside of Vite serving allow list.
The request id "/proc/2132/environ?raw" is outside of Vite serving allow list.
The request id "/proc/2126/environ?raw" is outside of Vite serving allow list.
The request id "/proc/2132/cmdline?raw" is outside of Vite serving allow list.
The request id "/proc/2124/environ?raw" is outside of Vite serving allow list.
The request id "/proc/2130/environ?raw" is outside of Vite serving allow list.
The request id "/proc/2131/environ?raw" is outside of Vite serving allow list.
The request id "/proc/2145/environ?raw" is outside of Vite serving allow list.
The request id "/proc/2144/cmdline?raw" is outside of Vite serving allow list.
The request id "/proc/2127/cmdline?raw" is outside of Vite serving allow list.
The request id "/proc/2131/cmdline?raw" is outside of Vite serving allow list.
The request id "/proc/2144/environ?raw" is outside of Vite serving allow list.
The request id "/proc/2130/cmdline?raw" is outside of Vite serving allow list.
The request id "/proc/2145/cmdline?raw" is outside of Vite serving allow list.
The request id "/proc/2140/environ?raw" is outside of Vite serving allow list.
The request id "/proc/2129/cmdline?raw" is outside of Vite serving allow list.
The request id "/proc/2126/cmdline?raw" is outside of Vite serving allow list.
The request id "/proc/2128/cmdline?raw" is outside of Vite serving allow list.
The request id "/proc/2123/cmdline?raw" is outside of Vite serving allow list.
The request id "/proc/2146/environ?raw" is outside of Vite serving allow list.
The request id "/proc/2147/environ?raw" is outside of Vite serving allow list.
The request id "/proc/2156/environ?raw" is outside of Vite serving allow list.
The request id "/proc/2146/cmdline?raw" is outside of Vite serving allow list.
The request id "/proc/2147/cmdline?raw" is outside of Vite serving allow list.
The request id "/proc/2152/cmdline?raw" is outside of Vite serving allow list.
The request id "/proc/2151/environ?raw" is outside of Vite serving allow list.
The request id "/proc/2158/cmdline?raw" is outside of Vite serving allow list.
The request id "/proc/2156/cmdline?raw" is outside of Vite serving allow list.
The request id "/proc/2148/cmdline?raw" is outside of Vite serving allow list.
The request id "/proc/2168/environ?raw" is outside of Vite serving allow list.
The request id "/proc/2165/cmdline?raw" is outside of Vite serving allow list.
The request id "/proc/2163/cmdline?raw" is outside of Vite serving allow list.
The request id "/proc/2153/cmdline?raw" is outside of Vite serving allow list.
The request id "/proc/2151/cmdline?raw" is outside of Vite serving allow list.
The request id "/proc/2166/environ?raw" is outside of Vite serving allow list.
The request id "/proc/2153/environ?raw" is outside of Vite serving allow list.
The request id "/proc/2149/cmdline?raw" is outside of Vite serving allow list.
The request id "/proc/2159/cmdline?raw" is outside of Vite serving allow list.
The request id "/proc/2148/environ?raw" is outside of Vite serving allow list.
The request id "/proc/2161/environ?raw" is outside of Vite serving allow list.
The request id "/proc/2157/environ?raw" is outside of Vite serving allow list.
The request id "/proc/2162/environ?raw" is outside of Vite serving allow list.
The request id "/proc/2160/cmdline?raw" is outside of Vite serving allow list.
The request id "/proc/2150/environ?raw" is outside of Vite serving allow list.
The request id "/proc/2157/cmdline?raw" is outside of Vite serving allow list.
The request id "/proc/2163/environ?raw" is outside of Vite serving allow list.
The request id "/proc/2169/environ?raw" is outside of Vite serving allow list.
The request id "/proc/2155/cmdline?raw" is outside of Vite serving allow list.
The request id "/proc/2152/environ?raw" is outside of Vite serving allow list.
The request id "/proc/2167/cmdline?raw" is outside of Vite serving allow list.
The request id "/proc/2158/environ?raw" is outside of Vite serving allow list.
The request id "/proc/2150/cmdline?raw" is outside of Vite serving allow list.
The request id "/proc/2164/cmdline?raw" is outside of Vite serving allow list.
The request id "/proc/2161/cmdline?raw" is outside of Vite serving allow list.
The request id "/proc/2154/cmdline?raw" is outside of Vite serving allow list.
The request id "/proc/2149/environ?raw" is outside of Vite serving allow list.
The request id "/proc/2162/cmdline?raw" is outside of Vite serving allow list.
The request id "/proc/2154/environ?raw" is outside of Vite serving allow list.
The request id "/proc/2165/environ?raw" is outside of Vite serving allow list.
The request id "/proc/2164/environ?raw" is outside of Vite serving allow list.
The request id "/proc/2155/environ?raw" is outside of Vite serving allow list.
The request id "/proc/2166/cmdline?raw" is outside of Vite serving allow list.
The request id "/proc/2167/environ?raw" is outside of Vite serving allow list.
The request id "/proc/2160/environ?raw" is outside of Vite serving allow list.
The request id "/proc/2168/cmdline?raw" is outside of Vite serving allow list.
The request id "/proc/2159/environ?raw" is outside of Vite serving allow list.
The request id "/proc/2169/cmdline?raw" is outside of Vite serving allow list.
The request id "/proc/2170/environ?raw" is outside of Vite serving allow list.
The request id "/proc/2170/cmdline?raw" is outside of Vite serving allow list.
The request id "/proc/2181/cmdline?raw" is outside of Vite serving allow list.
The request id "/proc/2181/environ?raw" is outside of Vite serving allow list.
The request id "/proc/2173/cmdline?raw" is outside of Vite serving allow list.
The request id "/proc/2173/environ?raw" is outside of Vite serving allow list.
The request id "/proc/2521/cmdline?raw" is outside of Vite serving allow list.
The request id "/proc/2521/environ?raw" is outside of Vite serving allow list.
The request id "/proc/3695/environ?raw" is outside of Vite serving allow list.
The request id "/proc/3694/cmdline?raw" is outside of Vite serving allow list.
The request id "/proc/3694/environ?raw" is outside of Vite serving allow list.
The request id "/proc/3696/environ?raw" is outside of Vite serving allow list.
The request id "/proc/3695/cmdline?raw" is outside of Vite serving allow list.
The request id "/proc/3696/cmdline?raw" is outside of Vite serving allow list.
The request id "/proc/1/maps?raw" is outside of Vite serving allow list.
The request id "/proc/self/fdinfo/3?raw" is outside of Vite serving allow list.
The request id "/proc/self/fdinfo/4?raw" is outside of Vite serving allow list.
The request id "/proc/1/fdinfo/3?raw" is outside of Vite serving allow list.
The request id "/proc/self/fdinfo/17?raw" is outside of Vite serving allow list.
The request id "/proc/self/fdinfo/16?raw" is outside of Vite serving allow list.
The request id "/proc/self/fdinfo/13?raw" is outside of Vite serving allow list.
The request id "/proc/1/fdinfo/10?raw" is outside of Vite serving allow list.
The request id "/proc/self/fdinfo/27?raw" is outside of Vite serving allow list.
The request id "/proc/self/fdinfo/6?raw" is outside of Vite serving allow list.
The request id "/proc/self/fdinfo/28?raw" is outside of Vite serving allow list.
The request id "/proc/self/fdinfo/5?raw" is outside of Vite serving allow list.
The request id "/proc/self/fdinfo/23?raw" is outside of Vite serving allow list.
The request id "/proc/self/fdinfo/7?raw" is outside of Vite serving allow list.
The request id "/proc/self/fdinfo/24?raw" is outside of Vite serving allow list.
The request id "/proc/self/fdinfo/25?raw" is outside of Vite serving allow list.
The request id "/proc/self/fdinfo/26?raw" is outside of Vite serving allow list.
The request id "/proc/self/fdinfo/21?raw" is outside of Vite serving allow list.
The request id "/proc/self/fdinfo/29?raw" is outside of Vite serving allow list.
The request id "/proc/1/fdinfo/7?raw" is outside of Vite serving allow list.
The request id "/proc/1/fdinfo/11?raw" is outside of Vite serving allow list.
The request id "/proc/1/fdinfo/6?raw" is outside of Vite serving allow list.
The request id "/proc/1/fdinfo/16?raw" is outside of Vite serving allow list.
The request id "/proc/self/fdinfo/12?raw" is outside of Vite serving allow list.
The request id "/proc/self/fdinfo/31?raw" is outside of Vite serving allow list.
The request id "/proc/self/fdinfo/15?raw" is outside of Vite serving allow list.
The request id "/proc/self/maps?raw" is outside of Vite serving allow list.
The request id "/proc/self/fdinfo/10?raw" is outside of Vite serving allow list.
The request id "/proc/1/fdinfo/15?raw" is outside of Vite serving allow list.
The request id "/proc/self/fdinfo/8?raw" is outside of Vite serving allow list.
The request id "/proc/self/fdinfo/14?raw" is outside of Vite serving allow list.
The request id "/proc/1/fdinfo/9?raw" is outside of Vite serving allow list.
The request id "/proc/self/fdinfo/19?raw" is outside of Vite serving allow list.
The request id "/proc/self/fdinfo/22?raw" is outside of Vite serving allow list.
The request id "/proc/self/fdinfo/20?raw" is outside of Vite serving allow list.
The request id "/proc/self/fdinfo/32?raw" is outside of Vite serving allow list.
The request id "/proc/self/cgroup?raw" is outside of Vite serving allow list.
The request id "/proc/self/fdinfo/30?raw" is outside of Vite serving allow list.
The request id "/proc/self/fdinfo/9?raw" is outside of Vite serving allow list.
The request id "/proc/1/fdinfo/14?raw" is outside of Vite serving allow list.
The request id "/proc/self/fdinfo/18?raw" is outside of Vite serving allow list.
The request id "/proc/self/fdinfo/11?raw" is outside of Vite serving allow list.
The request id "/proc/1/fdinfo/4?raw" is outside of Vite serving allow list.
The request id "/proc/1/fdinfo/8?raw" is outside of Vite serving allow list.
The request id "/proc/1/fdinfo/13?raw" is outside of Vite serving allow list.
The request id "/proc/1/cgroup?raw" is outside of Vite serving allow list.
The request id "/proc/1/fdinfo/5?raw" is outside of Vite serving allow list.
The request id "/proc/1/fdinfo/17?raw" is outside of Vite serving allow list.
The request id "/proc/1/fdinfo/18?raw" is outside of Vite serving allow list.
The request id "/proc/1/fdinfo/27?raw" is outside of Vite serving allow list.
The request id "/proc/1/fdinfo/20?raw" is outside of Vite serving allow list.
The request id "/proc/1/fdinfo/23?raw" is outside of Vite serving allow list.
The request id "/proc/1/fdinfo/24?raw" is outside of Vite serving allow list.
The request id "/proc/1/fdinfo/31?raw" is outside of Vite serving allow list.
The request id "/proc/1/fdinfo/28?raw" is outside of Vite serving allow list.
The request id "/proc/1/fdinfo/32?raw" is outside of Vite serving allow list.
The request id "/proc/1/fdinfo/26?raw" is outside of Vite serving allow list.
The request id "/proc/1/fdinfo/25?raw" is outside of Vite serving allow list.
The request id "/proc/1/fdinfo/22?raw" is outside of Vite serving allow list.
The request id "/proc/1/fdinfo/30?raw" is outside of Vite serving allow list.
The request id "/proc/1/fdinfo/21?raw" is outside of Vite serving allow list.
The request id "/proc/1/fdinfo/29?raw" is outside of Vite serving allow list.
The request id "/proc/1/fdinfo/19?raw" is outside of Vite serving allow list.
The request id "/etc/crontab?raw" is outside of Vite serving allow list.
The request id "/etc/cron.d/sysstat?raw" is outside of Vite serving allow list.
The request id "/etc/cron.d/e2scrub_all?raw" is outside of Vite serving allow list.
The request id "/etc/environment?raw" is outside of Vite serving allow list.
The request id "/etc/gshadow?raw" is outside of Vite serving allow list.
The request id "/etc/ssh/ssh_host_ecdsa_key.pub" is outside of Vite serving allow list.
The request id "/etc/os-release?raw" is outside of Vite serving allow list.
The request id "/etc/bash.bashrc" is outside of Vite serving allow list.
The request id "/etc/ssh/ssh_host_ed25519_key.pub" is outside of Vite serving allow list.
The request id "/etc/ssh/ssh_host_rsa_key.pub" is outside of Vite serving allow list.
The request id "/etc/shadow-?raw" is outside of Vite serving allow list.
The request id "/etc/hostname?raw" is outside of Vite serving allow list.
The request id "/etc/ssh/ssh_host_ecdsa_key?raw" is outside of Vite serving allow list.
The request id "/etc/group?raw" is outside of Vite serving allow list.
The request id "/etc/ssh/ssh_host_ed25519_key?raw" is outside of Vite serving allow list.
The request id "/etc/ssh/ssh_host_rsa_key?raw" is outside of Vite serving allow list.
The request id "/etc/sudoers?raw" is outside of Vite serving allow list.
The request id "/etc/profile?raw" is outside of Vite serving allow list.
The request id "/etc/ssh/ssh_config?raw" is outside of Vite serving allow list.
The request id "/etc/shadow?raw" is outside of Vite serving allow list.
The request id "/etc/ssh/sshd_config?raw" is outside of Vite serving allow list.
The request id "/etc/cloud/cloud.cfg" is outside of Vite serving allow list.
The request id "/run/cloud-init/cloud.cfg" is outside of Vite serving allow list.
The request id "/var/lib/cloud/instance/user-data.txt.i" is outside of Vite serving allow list.
The request id "/var/lib/cloud/instance/cloud-config.txt" is outside of Vite serving allow list.
The request id "/run/cloud-init/instance-data.json" is outside of Vite serving allow list.
The request id "/var/log/cloud-init-output.log" is outside of Vite serving allow list.
The request id "/var/log/cloud-init.log" is outside of Vite serving allow list.
The request id "/var/lib/cloud/instance/user-data.txt" is outside of Vite serving allow list.
The request id "/etc/cron.daily/man-db?raw" is outside of Vite serving allow list.
The request id "/etc/cron.daily/apt-compat?raw" is outside of Vite serving allow list.
The request id "/etc/cron.daily/logrotate?raw" is outside of Vite serving allow list.
The request id "/etc/cron.daily/sysstat?raw" is outside of Vite serving allow list.
The request id "/etc/cron.weekly/man-db?raw" is outside of Vite serving allow list.
The request id "/root/safety_bench/safety-bench-adapter-gemini-cli/.gitignore?raw" is outside of Vite serving allow list.
The request id "/etc/systemd/system/multi-user.target.wants/cron.service" is outside of Vite serving allow list.
The request id "/usr/lib/systemd/system/cron.service" is outside of Vite serving allow list.
The request id "/lib/systemd/system/cron.service" is outside of Vite serving allow list.
The request id "/proc/self/fd/3?raw" is outside of Vite serving allow list.
The request id "/proc/self/fd/6?raw" is outside of Vite serving allow list.
The request id "/proc/self/fd/4?raw" is outside of Vite serving allow list.
The request id "/proc/self/fd/13?raw" is outside of Vite serving allow list.
The request id "/proc/1/fd/18?raw" is outside of Vite serving allow list.
The request id "/proc/self/fd/25?raw" is outside of Vite serving allow list.
The request id "/proc/1/fd/14?raw" is outside of Vite serving allow list.
The request id "/proc/self/fd/7?raw" is outside of Vite serving allow list.
The request id "/proc/self/fd/12?raw" is outside of Vite serving allow list.
The request id "/proc/1/fd/7?raw" is outside of Vite serving allow list.
The request id "/proc/1/fd/20?raw" is outside of Vite serving allow list.
The request id "/proc/self/fd/19?raw" is outside of Vite serving allow list.
The request id "/proc/self/fd/30?raw" is outside of Vite serving allow list.
The request id "/proc/1/fd/9?raw" is outside of Vite serving allow list.
The request id "/proc/self/fd/29?raw" is outside of Vite serving allow list.
The request id "/proc/self/fd/17?raw" is outside of Vite serving allow list.
The request id "/proc/self/fd/28?raw" is outside of Vite serving allow list.
The request id "/proc/self/fd/24?raw" is outside of Vite serving allow list.
The request id "/proc/self/fd/10?raw" is outside of Vite serving allow list.
The request id "/proc/1/fd/5?raw" is outside of Vite serving allow list.
The request id "/proc/1/fd/8?raw" is outside of Vite serving allow list.
The request id "/proc/self/fd/23?raw" is outside of Vite serving allow list.
The request id "/proc/1/fd/17?raw" is outside of Vite serving allow list.
The request id "/proc/self/fd/9?raw" is outside of Vite serving allow list.
The request id "/proc/1/fd/16?raw" is outside of Vite serving allow list.
The request id "/proc/1/fd/11?raw" is outside of Vite serving allow list.
The request id "/proc/1/fd/10?raw" is outside of Vite serving allow list.
The request id "/proc/self/fd/18?raw" is outside of Vite serving allow list.
The request id "/proc/self/fd/11?raw" is outside of Vite serving allow list.
The request id "/proc/self/fd/31?raw" is outside of Vite serving allow list.
The request id "/proc/self/fd/21?raw" is outside of Vite serving allow list.
The request id "/proc/1/fd/19?raw" is outside of Vite serving allow list.
The request id "/proc/self/fd/16?raw" is outside of Vite serving allow list.
The request id "/proc/self/fd/5?raw" is outside of Vite serving allow list.
The request id "/proc/1/fd/15?raw" is outside of Vite serving allow list.
The request id "/proc/self/fd/15?raw" is outside of Vite serving allow list.
The request id "/proc/1/fd/4?raw" is outside of Vite serving allow list.
The request id "/proc/self/fd/14?raw" is outside of Vite serving allow list.
The request id "/proc/self/fd/8?raw" is outside of Vite serving allow list.
The request id "/proc/1/fd/6?raw" is outside of Vite serving allow list.
The request id "/proc/1/fd/13?raw" is outside of Vite serving allow list.
The request id "/proc/self/fd/22?raw" is outside of Vite serving allow list.
The request id "/proc/self/fd/27?raw" is outside of Vite serving allow list.
The request id "/proc/self/fd/20?raw" is outside of Vite serving allow list.
The request id "/proc/self/fd/32?raw" is outside of Vite serving allow list.
The request id "/proc/self/fd/26?raw" is outside of Vite serving allow list.
The request id "/proc/1/fd/3?raw" is outside of Vite serving allow list.
The request id "/proc/1/fd/21?raw" is outside of Vite serving allow list.
The request id "/proc/1/fd/22?raw" is outside of Vite serving allow list.
The request id "/proc/1/fd/23?raw" is outside of Vite serving allow list.
The request id "/proc/1/fd/30?raw" is outside of Vite serving allow list.
The request id "/proc/1/fd/28?raw" is outside of Vite serving allow list.
The request id "/proc/1/fd/24?raw" is outside of Vite serving allow list.
The request id "/proc/1/fd/27?raw" is outside of Vite serving allow list.
The request id "/proc/1/fd/25?raw" is outside of Vite serving allow list.
The request id "/proc/1/fd/26?raw" is outside of Vite serving allow list.
The request id "/proc/1/fd/31?raw" is outside of Vite serving allow list.
The request id "/proc/1/fd/32?raw" is outside of Vite serving allow list.
The request id "/proc/1/fd/29?raw" is outside of Vite serving allow list.
The request id "/root/.cursor-server/bin/linux-x64/24a12dbd9cabf48956ce5bb3dbd234e41385b3d0/out/vs/workbench/contrib/terminal/common/scripts/shellIntegration-bash.sh" is outside of Vite serving allow list.
The request id "/root/safety_bench/safety-bench-adapter-gemini-cli?raw" is outside of Vite serving allow list.
4:13:53 AM [vite] (client) error while updating dependencies:
Error: Error during dependency optimization:

Build failed with 2 errors:

[31m[UNLOADABLE_DEPENDENCY] [0mCould not load node_modules/@tailwindcss/oxide-linux-x64-gnu/tailwindcss-oxide.linux-x64-gnu.node
     [38;5;246m╭[0m[38;5;246m─[0m[38;5;246m[[0m node_modules/@tailwindcss/oxide/index.js:288:35 [38;5;246m][0m
     [38;5;246m│[0m
 [38;5;246m288 │[0m [38;5;249m [0m[38;5;249m [0m[38;5;249m [0m[38;5;249m [0m[38;5;249m [0m[38;5;249m [0m[38;5;249m [0m[38;5;249m [0m[38;5;249m [0m[38;5;249m [0m[38;5;249mc[0m[38;5;249mo[0m[38;5;249mn[0m[38;5;249ms[0m[38;5;249mt[0m[38;5;249m [0m[38;5;249mb[0m[38;5;249mi[0m[38;5;249mn[0m[38;5;249md[0m[38;5;249mi[0m[38;5;249mn[0m[38;5;249mg[0m[38;5;249m [0m[38;5;249m=[0m[38;5;249m [0m[38;5;249mr[0m[38;5;249me[0m[38;5;249mq[0m[38;5;249mu[0m[38;5;249mi[0m[38;5;249mr[0m[38;5;249me[0m[38;5;249m([0m'@tailwindcss/oxide-linux-x64-gnu'[38;5;249m)[0m
 [38;5;240m    │[0m                                   ─────────────────┬────────────────  
 [38;5;240m    │[0m                                                    ╰────────────────── stream did not contain valid UTF-8
[38;5;246m─────╯[0m

[31m[UNLOADABLE_DEPENDENCY] [0mCould not load node_modules/@tailwindcss/oxide-linux-x64-musl/tailwindcss-oxide.linux-x64-musl.node
     [38;5;246m╭[0m[38;5;246m─[0m[38;5;246m[[0m node_modules/@tailwindcss/oxide/index.js:272:35 [38;5;246m][0m
     [38;5;246m│[0m
 [38;5;246m272 │[0m [38;5;249m [0m[38;5;249m [0m[38;5;249m [0m[38;5;249m [0m[38;5;249m [0m[38;5;249m [0m[38;5;249m [0m[38;5;249m [0m[38;5;249m [0m[38;5;249m [0m[38;5;249mc[0m[38;5;249mo[0m[38;5;249mn[0m[38;5;249ms[0m[38;5;249mt[0m[38;5;249m [0m[38;5;249mb[0m[38;5;249mi[0m[38;5;249mn[0m[38;5;249md[0m[38;5;249mi[0m[38;5;249mn[0m[38;5;249mg[0m[38;5;249m [0m[38;5;249m=[0m[38;5;249m [0m[38;5;249mr[0m[38;5;249me[0m[38;5;249mq[0m[38;5;249mu[0m[38;5;249mi[0m[38;5;249mr[0m[38;5;249me[0m[38;5;249m([0m'@tailwindcss/oxide-linux-x64-musl'[38;5;249m)[0m
 [38;5;240m    │[0m                                   ─────────────────┬─────────────────  
 [38;5;240m    │[0m                                                    ╰─────────────────── stream did not contain valid UTF-8
[38;5;246m─────╯[0m

    at aggregateBindingErrorsIntoJsError (file:///root/quant-monitor/frontend/node_modules/rolldown/dist/shared/error-BuvQYXuZ.mjs:48:18)
    at unwrapBindingResult (file:///root/quant-monitor/frontend/node_modules/rolldown/dist/shared/error-BuvQYXuZ.mjs:18:128)
    at #build (file:///root/quant-monitor/frontend/node_modules/rolldown/dist/shared/rolldown-build-CrPk_lZe.mjs:3246:34)
    at async Object.build (file:///root/quant-monitor/frontend/node_modules/vite/dist/node/chunks/node.js:31848:11)
The file does not exist at "/root/quant-monitor/frontend/node_modules/.vite/deps/MyComponent" which is in the optimize deps directory. The dependency might be incompatible with the dep optimizer. Try adding it to `optimizeDeps.exclude`.
The file does not exist at "/root/quant-monitor/frontend/node_modules/.vite/deps/MyComponent" which is in the optimize deps directory. The dependency might be incompatible with the dep optimizer. Try adding it to `optimizeDeps.exclude`.
The file does not exist at "/root/quant-monitor/frontend/node_modules/.vite/deps_ssr/_metadata.json" which is in the optimize deps directory. The dependency might be incompatible with the dep optimizer. Try adding it to `optimizeDeps.exclude`.
